n03087816_90 http://www.zzounds.com/media/feed/large/RODNT2A.jpg
n03087816_244 http://di1.shopping.com/images/pi/dd/e8/71/25229974-177x150-0-0.jpg
n03087816_313 http://static.flickr.com/2162/2091750994_2222423604.jpg
n03087816_904 http://media.zzounds.com/media/feed/large/SEEM1C.jpg
n03087816_1815 http://app.infopia.com/img/image/fp/vpid/1282701
n03087816_1875 http://www.ld-systems.com/files/microphones.jpg
n03087816_2086 http://www.bhphotovideo.com/images/items/303489.jpg
n03087816_2125 http://nav.440network.com/img.php?d=news&s=pcmusic&i=7139-img.jpg
n03087816_2208 http://www.av010.com/picture/200711735415281.jpg
n03087816_2359 http://www.woodbrass.com/images/woodbrass/EAGLETONE+KM40+PACK+MICRO+STUDIO.JPG
n03087816_2414 http://www.woodbrass.com/images/woodbrass/SAMSON+G+TRACK+USB+MICRO+STUDIO.JPG
n03087816_2443 http://www.hhicompete.com/img/inventory/small/8944.jpg
n03087816_2563 http://app.infopia.com/img/image/fp/vpid/1287954
n03087816_2683 http://www.av010.com/picture/2007102953928081.jpg
n03087816_2800 http://img.yeedou.com/images/01-20080123-259-3187259-3517295-100_100.jpg
n03087816_3263 http://www.stgd.ch/Adk/GC3/ADK_a-51ST_2_web.jpg
n03087816_3267 http://i401.photobucket.com/albums/pp95/hatermetal/MXLV63MStudioCondenserMicrophone.jpg
n03087816_3481 http://www.dsmiller.com/Images/ATR-55.jpg
n03087816_3626 http://www.instrumentpro.com/include/phpThumb/phpThumb.php?src=/Merchant2/graphics/00000001/BEHC1_big.jpg&amp;w=300&amp;h=300&amp;far=1&amp;f=jpeg&amp;bg=FFFFFF
n03087816_3765 http://www.ccisolutions.com/StoreFront/jsp/images/products/ADK-A51-TL_F.JPG
n03087816_4049 http://www.binet.lv/go.pl?IMG=21972529O1780
n03087816_4811 http://www.zalmar.com/images/ECM-DS70P.jpg
n03087816_4825 http://media.zzounds.com/media/feed/large/SHUSM81LC.jpg
n03087816_3 http://www.mipro.com.tw/teach_info/images/mu38.jpg
n03087816_12 http://i16.ebayimg.com/02/i/001/08/b8/6531_2.JPG
n03087816_21 http://www.behringer.com/B-5/B-5_medium.jpg
n03087816_113 http://www.frontendaudio.com/photos/1224-2T.jpg
n03087816_122 http://www.mojopie.com/at2020.jpg
n03087816_125 http://www.cherstech.cn/image/panasonic/p_90.jpg
n03087816_129 http://www.bluemic.com/products/accessories/pics/acc_preview_dragonfly.jpg
n03087816_215 http://www.wutongxia.com/Files/Remoteupfile/2008-6/12/3.jpg
n03087816_218 http://graph.exportpages.com/ppic/P87647F22687.gif
n03087816_309 http://www.sycydn.com/product/centrmus/nt4.jpg
n03087816_317 http://www.djempire.co.uk/tmpImages/4808_x250_y250_q90.jpg
n03087816_320 http://www.behringer.com/C-2/C-2_big.jpg
n03087816_360 http://www.frontendaudio.com/photos/1839-2T.jpg
n03087816_374 http://www.mofline.com/images/imagecache/142x239_SSM-C15CL.jpg
n03087816_404 http://www.djempire.co.uk/tmpImages/5076_x250_y250_q90.jpg
n03087816_432 http://www.dpamicrophones.com/Images/DM02600.jpg
n03087816_445 http://www.e-av.co.uk/products/WSSVHFTRANS3500-2H.jpg
n03087816_465 http://www.gear4music.com/pimages/mxlv6.jpg
n03087816_594 http://www.gear4music.com/pimages/aries_large.jpg
n03087816_671 http://imgs.inkfrog.com/pix/bargainbox/U8716GALLERY2.JPG
n03087816_737 http://images.music123.com/products/full/CAD/157271.jpg
n03087816_793 http://wireless-microphone.net/images/microphone/microphone_250x251.jpg
n03087816_816 http://www.kingdom.com/images/products/SMC01E_220.jpg
n03087816_851 http://www.modernmusicworld.com/images/I/11khg6KewCL.jpg
n03087816_879 http://i.pricerunner.com/prod/13_5_11_18_i469280066s/150x200/product.jpeg
n03087816_901 http://www.ctmusicinc.com/images/spotlight/AT2020.jpg
n03087816_951 http://www.soundhouse.co.jp/shop/prod_img/behringer_b1xxx.jpg
n03087816_1073 http://www.e-av.co.uk/products/MICCONAKGC214.jpg
n03087816_1116 http://www.frontendaudio.com/photos/1650-2T.jpg
n03087816_1165 http://www.frontendaudio.com/photos/1045-2T.jpg
n03087816_1204 http://www.worldmusicsupply.com/images/cart/AT825.jpg
n03087816_1210 http://images.etronics.com/products/ATR-55.jpg
n03087816_1217 http://images.music123.com/products/full/Samson/34660.jpg
n03087816_1244 http://www.e-av.co.uk/products/MICCONGPATAT3035.jpg
n03087816_1272 http://www.easternelectronics.co.uk/AT2020.jpg
n03087816_1336 http://www.e-av.co.uk/products/WIRSWIVOCWMS450D5.jpg
n03087816_1340 http://img.tripatlas.com:8080/media/images/Microphone_U87.jpg
n03087816_1378 http://www.e-av.co.uk/products/MICATAE3300.gif
n03087816_1455 http://images.jr.com/altimages/MIMPULSARII_altMICROPHONE.PNG?CELL=380,380&amp;QLT=67&amp;FTR=3&amp;BGCOLOR=FFFFFF&amp;CVT=jpeg
n03087816_1501 http://www.omnitecsecurity.com/images/pasystems/ims_9000d.jpg
n03087816_1525 http://www.vintagetones.com/image/33721150_scaled_220x416.jpg
n03087816_1603 http://images.music123.com/products/full/Rode/135315.jpg
n03087816_1632 http://www.gear4music.com/pimages/nova.jpg
n03087816_1657 http://www.compumusic.com/Photo.aspx?photo=28592&amp;size=2
n03087816_1737 http://socketsink.com/scm-1000.jpg
n03087816_1775 http://www.altoproaudio.com/images/ACM6_det.jpg
n03087816_1861 http://www.thepickinparlor.com/v/vspfiles/photos/C3000B-2T.jpg
n03087816_1937 http://images.music123.com/products/full/Rode/RODNTG1250x250.jpg
n03087816_1957 http://www.altoproaudio.com/images/ACM2_det.jpg
n03087816_2001 http://images.wwbw.com/products/full/AKG/370066.jpg
n03087816_2064 http://www.djempire.co.uk/tmpImages/5081_x250_y250_q90.jpg
n03087816_2124 http://www.makingwavesaudio.com/media/images/indproducts/samson_q1pair.jpg
n03087816_2137 http://www.frontendaudio.com/photos/1611-2T.jpg
n03087816_2169 http://www.e-av.co.uk/products/MICCONVOCELLE.jpg
n03087816_2209 http://images.music123.com/products/full/Blue/24650.jpg
n03087816_2294 http://images.music123.com/products/full/AKG/148103.jpg
n03087816_2379 http://www.mrgadget.com.au/catalog/images/samson_c01u_usb_studio_condenser_microphone.gif
n03087816_2388 http://infocommshow.iqcatalogs.com/AVCat/images%2Fproducts%2Fdetail%2FMC%20930%20180x180.jpg
n03087816_2389 http://ytakes.com/images/MXL%20990S.jpg
n03087816_2404 http://www.robbsmusic.com/ProdImages/cadm9_lg.jpg
n03087816_2411 http://www.magoenterprise.com/images/isimages/DBTRION6000.jpg
n03087816_2499 http://www.e-av.co.uk/products/MICCONGPATAT4041.jpg
n03087816_2564 http://www.sinemedia.com/upload/_up_img/113678101906819.jpg
n03087816_2613 http://ytakes.com/images/369292.jpg
n03087816_2656 http://www.e-av.co.uk/products/MICCONGPATAT4047SVMS.jpg
n03087816_2694 http://images.wwbw.com/products/full/Applied%20Microphone%20Technology/761444.jpg
n03087816_2724 http://www.makingwavesaudio.com/media/images/indproducts/samson_co3.jpg
n03087816_2754 http://www.talktothemac.com.au/specials/rode_vidmic.gif
n03087816_2774 http://www.compareshopbuy.com/images/musicequipment/thumb/270467.jpg
n03087816_2788 http://www.e-av.co.uk/products/WIRSFSHUPG24EPG58.jpg
n03087816_2791 http://www.sinemedia.com/upload/_up_img/11025034460434226.jpg
n03087816_2802 http://www.e-av.co.uk/products/MICCONGPATAT4033ASM.jpg
n03087816_2867 http://electronics.melihov.ru/img/492f31315932445454384e584c.jpg
n03087816_2903 http://images.misupply.com/products/full/Samson/93554.jpg
n03087816_2912 http://www.frontendaudio.com/photos/3423-2T.jpg
n03087816_2956 https://rainrecording.com/products/songwriterpak/images/hardware/mic.jpg
n03087816_2963 http://www.djkit.co.uk/acatalog/b2_lg.jpg
n03087816_3043 http://www.midweststereo.com/v/vspfiles/photos/SAMCL7-2T.jpg
n03087816_3075 http://www.dicon.com.cn/UploadFiles/200673161037999.jpg
n03087816_3082 http://www.promusicexchange.com/store/html/images/apex470.jpg
n03087816_3117 http://www.electromusic.co.uk/images/P/StaggPGT80.jpg
n03087816_3138 http://www.e-av.co.uk/products/MICSPESENE6022.jpg
n03087816_3165 http://www.h-m-audio.com/images/maudio/solaris-microphone.jpg
n03087816_3200 http://www.e-av.co.uk/products/MICSHU004SP.jpg
n03087816_3243 http://www.frontendaudio.com/photos/1644-2T.jpg
n03087816_3260 http://www.worldmusicsupply.com/images/cart/AT4060.jpg
n03087816_3319 http://images.music123.com/products/full/CAD/15785f.jpg
n03087816_3370 http://www.mojopie.com/mk319.gif
n03087816_3422 http://www.mojopie.com/dragonfly.jpg
n03087816_3432 http://www.easternelectronics.co.uk/C01.jpg
n03087816_3493 http://www.vossman.com/images/isimages/DBC535EB.jpg
n03087816_3570 http://www.frontendaudio.com/photos/2959-2T.jpg
n03087816_3622 http://www.djempire.co.uk/tmpImages/4806_x250_y250_q90.jpg
n03087816_3682 http://www.e-av.co.uk/products/MICCONAKGC414LTD.jpg
n03087816_3692 http://images.music123.com/products/full/CAD/106273f.jpg
n03087816_3725 http://www.mxl-usb.com/USB_006/USB-006_highres.jpg
n03087816_3750 http://www.mipro.com.tw/teach_info/images/mu78.jpg
n03087816_3751 http://images.music123.com/products/full/CAD/157268.jpg
n03087816_3779 http://www.sycydn.com/product/centrmus/nt1a.jpg
n03087816_3788 http://www.e-av.co.uk/products/MICCONINSAT8033.jpg
n03087816_3910 http://www.audiooutfitter.com/images/items/558/32558-scm-800.jpg
n03087816_3936 http://ourworld.cs.com/robert6647/ecm674_shotgun.jpg
n03087816_4057 http://namm.harmony-central.com/WNAMM05/Content/EV/PR/Blue-Cardinal.jpg
n03087816_4092 http://www.runwayuk.com/rode_nt1apic3.jpg
n03087816_4148 http://www.e-av.co.uk/products/MICSHUSM94.jpg
n03087816_4185 http://www.mojopie.com/at4040.jpg
n03087816_4191 http://www.oktavacanada.com/Graphics/012-01-msp2-stand.jpg
n03087816_4267 http://www.frontendaudio.com/photos/1840-2T.jpg
n03087816_4308 http://www.compareshopbuy.com/images/musicequipment/thumb/270557.jpg
n03087816_4377 http://www.e-av.co.uk/products/PODPACSAMCO1U.jpg
n03087816_4378 http://mp3-players.stavoriflame.ru/p/20/images/studio-condenser-mic-with-usb-output-45-sam-c01u1.jpg
n03087816_4508 http://www.dpamicrophones.com/Images/DM02508.jpg
n03087816_4552 http://www.frontendaudio.com/photos/2036-2T.jpg
n03087816_4610 http://www.lydsystemer.no/images/dpa/Aa058-01.jpg
n03087816_4630 http://china.nikkeibp.co.jp/china/image2005/11/051111qua5.jpg
n03087816_4633 http://www.frontendaudio.com/photos/1010-2T.jpg
n03087816_4664 http://images.wwbw.com/products/full/Shure/61734.jpg
n03087816_4689 http://ytakes.com/images/manufacturers/MXL%203000%20Large-Diaphragm%20Condenser%20Microphone.jpg
n03087816_4692 http://www.musicgoround-cary.com/catalog/apex435.gif
n03087816_4693 http://www.e-av.co.uk/products/EVSB2AASW.jpg
n03087816_4696 http://www.e-av.co.uk/products/MICSHUSM86.jpg
n03087816_4737 http://images.craigslist.org/1f3124148ZZZZZZZZZ8ad074b6fdf8bf514ce.jpg
n03087816_4771 http://www.djkit.co.uk/acatalog/b5.jpg
n03087816_4774 http://www.shop-sotw.com/Merchant2/graphics/00000001/samson_c03.jpg
n03087816_4785 http://refurbishedequipments.com/nm147.jpg
n03087816_2 http://www.bassexchange.com/catalog/images/B-Band_Condenser_microphone.jpg
n03087816_4 http://www.dagexpress.com/incEngine/sites/dagexpress/products/Apex/apex_apex415_dw.jpg
n03087816_8 http://www.pssl.com/images/ProdImage01/250/C1-MIC.jpg
n03087816_23 http://www2.csusm.edu/production/AVEquipment/269879.jpg
n03087816_35 http://img3.musiciansfriend.com/dbase/pics/products/regular/5/3/4/245534.jpg
n03087816_40 http://www.landersmusic.com/images_folders/Microphones/Samson/CL7.jpg
n03087816_44 https://earth1audio.com/catalog/images/KSM32!CG.JPG
n03087816_55 http://www.germes-online.com/direct/dbimage/50331126/Condenser_Microphone.jpg
n03087816_56 http://img3.musiciansfriend.com/dbase/pics/products/regular/8/9/5/396895.jpg
n03087816_58 http://www.schoeps.de/images-2004/mk-ccm4v.jpg
n03087816_63 http://www.americanmusical.com/images/d/p6993d.jpg
n03087816_65 http://www.abesofmaine.com/abeimg/behc3.jpg
n03087816_67 http://img3.musiciansfriend.com/dbase/pics/products/regular/7/3/5/446735.jpg
n03087816_71 http://www.av-central.com.au/resources/AVCENTRAL/files/83627305-52951786.jpg
n03087816_72 http://www.broadwaymusicco.com/kustmic1.jpg
n03087816_77 http://assets.twacomm.com/assets/1754436707/product_images/21717.jpg
n03087816_79 http://futuremusic.com/news/images/mxl_USB.009.jpg
n03087816_81 http://www.americanmusical.com/ProductImages/Large/p44168.jpg
n03087816_82 http://www.dv247.com/assets/products/3267_t.jpg
n03087816_86 http://www.barryrudolph.com/utilities/graphics/shureksm44.gif
n03087816_92 http://ecx.images-amazon.com/images/I/41shNpj0UzL._SL210_.jpg
n03087816_106 http://img.alibaba.com/photo/51382876/microphone.jpg
n03087816_111 http://img3.musiciansfriend.com/dbase/pics/products/regular/4/2/3/245423.jpg
n03087816_112 http://img.epinions.com/images/opti/04/8b/Sony_ECMDS30P_Electret_Condenser_Microphone_Microphone-resized200.jpg
n03087816_116 http://www.sweetwaveaudio.com/sales/audix/vocal_condenser_microphones_files/vx-10.jpg
n03087816_124 http://www.ocie.com/images_products/behringer_studio_condenser_microphone_c_s16454.jpg
n03087816_127 http://homepage.mac.com/jampro/Sites/iSale/Pictures/1217476462_2.jpg
n03087816_128 http://www.barryrudolph.com/utilities/graphics/e865.gif
n03087816_135 http://www.htfr.com/watermark/index.php?catno=MR241840
n03087816_138 http://www.groovetubes.com/groovetubes/images/gt_gt57.jpg
n03087816_143 http://www.harmony-central.com/ProductImages/Large/000043241.jpg
n03087816_146 http://images.imp3.net/chang/2006/10/26/100031.jpg
n03087816_151 http://www.spectrumaudio.com/prodimages/bigim/AT4047-SV.jpg.jpg
n03087816_159 http://www.americanmusical.com/images/d/p2489d.jpg
n03087816_161 http://www.imuso.co.uk/images/Product/ST00281.jpg
n03087816_167 http://www.adorama.com/images/Product/NACM2S.JPG
n03087816_179 http://s2.thisnext.com/media/230x230_no_border/Mxl-990-Condenser-Microphone_52A5888F.jpg
n03087816_180 http://img3.musiciansfriend.com/dbase/pics/products/regular/1/1/2/547112.jpg
n03087816_182 http://www.bhphotovideo.com/images/items/68314.jpg
n03087816_184 http://static.flickr.com/2400/1752926850_892a5f7848.jpg
n03087816_185 http://www.solic.cn/images/upfile/2006102521573765262.jpg
n03087816_190 http://media.samedaymusic.com/media/feed/large/AUTAT4047SV.jpg
n03087816_192 http://www.performanceaudio.com/images/products/41/5071.jpg
n03087816_194 http://www.americanmusical.com/ProductImages/Large/p32019.jpg
n03087816_198 http://www.from-jp.com/manager/upload/upimage/0705101211417760.jpg
n03087816_199 http://shop.mobro.net/prodimg/22015500025.jpg
n03087816_200 http://img3.musiciansfriend.com/dbase/pics/products/regular/6/8/0/487680.jpg
n03087816_201 http://www.gtp.com.au/conceptmusic2/mediumimages/335.jpg
n03087816_210 http://www.e-av.co.uk/products/USBMICSAMCO1U.jpg
n03087816_212 http://img3.musiciansfriend.com/dbase/pics/products/8/2/7/466827.jpg
n03087816_231 http://www.record-producer.com/i/marek-ks3.jpg
n03087816_233 http://www.dv247.com/assets/products/3314_m.jpg
n03087816_235 http://www.markertek.com/productImage/BIG/AKG-PER220.JPG
n03087816_240 http://img3.musiciansfriend.com/dbase/pics/products/regular/1/3/4/224134.jpg
n03087816_246 http://ecx.images-amazon.com/images/I/412DH8RI2GL._SL210_.jpg
n03087816_248 http://www.gigasonic.com/images/sonyc800gpac.gif
n03087816_252 http://www.gelbmusic.com/2008giftideas/key_akgmic.jpg
n03087816_253 http://www.portlandmusiccompany.com/luna/lunacase_small.jpg
n03087816_255 http://www.pssl.com/images/ProdImage01/250/NOVA.jpg
n03087816_269 http://www.dv247.com/assets/products/20997_t.jpg
n03087816_270 http://images.secure2u.com/191/Proc/Full/1771827.jpg
n03087816_282 http://emusician.com/mag/em_microphones_final.jpg
n03087816_283 http://www.proacousticsusa.com/Products/FrontThumb2006042782207.jpeg
n03087816_296 http://static.flickr.com/21/28716640_763b88ddb7.jpg
n03087816_297 http://cachepe.zzounds.com/media/quality,85/brand,zzounds/fit,400by400/JM37DP_mount-part043-011877-a50d86dbf907ad957bd330ddc25dfab1.jpg
n03087816_300 http://betterkaraoke.com/library/CV_1.jpg
n03087816_307 http://www.360kbl.com/kblpro/kb/images/img_xiao/2004/2004_113_26892.jpg
n03087816_310 http://img3.musiciansfriend.com/dbase/pics/products/regular/6/4/4/244644.jpg
n03087816_311 http://img3.musiciansfriend.com/dbase/pics/products/regular/1/0/7/369107.jpg
n03087816_315 http://www.calsound.com/shop/images/T/luna-01.jpg
n03087816_324 http://www.greatmusicproductsonline.com/osp/cl700_lg_sm.jpg
n03087816_325 http://publish.it168.com/2006/0719/images/5988.jpg
n03087816_333 http://img3.musiciansfriend.com/dbase/pics/products/regular/7/5/2/558752.jpg
n03087816_338 http://ecx.images-amazon.com/images/I/41HFB9TYC5L._SL500_AA280_.jpg
n03087816_344 http://www.cybermarket.co.uk/ishop/images/923/ZB022.jpg
n03087816_355 http://www.drbott.com/images/lg/7390-GTRK.jpg
n03087816_357 http://static.flickr.com/51/140846515_77811e71f7.jpg
n03087816_358 http://www.dv247.com/assets/products/29499_t.jpg
n03087816_361 http://www.audioblowouts.com/audioimages/CADTRION8000.jpg
n03087816_371 http://www.soundonsound.com/sos/nov03/images/samson1.l.jpg
n03087816_379 http://www.comparestoreprices.co.uk/images/ya/yamaha-mca-sp2-condenser-microphone.jpg
n03087816_382 http://www.floridaparanormalresearch.com/equip/mic2.JPG
n03087816_384 http://www.zzounds.com/media/feed/large/CADM179.jpg
n03087816_386 http://cachepe.samedaymusic.com/media/quality,85/brand,sameday/TLM49_B-1c2e34b1fa50710fa8e1c612b4f7dca2.jpg
n03087816_391 http://image2.sina.com.cn/IT/digi/2007-04-16/4012e748868d7047c55e8f1e06c86743.jpg
n03087816_398 http://www.giga-pa.com/img_forum/gtrack.jpg
n03087816_400 http://media.zzounds.com/media/feed/large/AUTATM33A.jpg
n03087816_423 http://www.mveducation.com/assets/products/22993_t.jpg
n03087816_426 http://graph.exportpages.com/ppic/P87647F131701.jpg
n03087816_429 http://www.plus24.net/dealers/photos/Sanken/CO100_w.Mount_300dp.jpg
n03087816_430 http://ecx.images-amazon.com/images/I/41KHNPQE17L._SL500_AA280_.jpg
n03087816_436 http://ecx.images-amazon.com/images/I/41tyL0daNkL.jpg
n03087816_438 http://www.americanmusical.com/ProductImages/Large/48911.jpg
n03087816_441 http://www.avsuperstore.com/images/Productimages/AKGC3000B.jpg
n03087816_449 http://di1.shopping.com/images/pi/42/87/e3/23050728-177x150-0-0.jpg
n03087816_456 http://ecx.images-amazon.com/images/I/21U4Bv6U1UL._SL500_AA280_.jpg
n03087816_461 http://laptopstudio.thunderguy.com/wp/wp-content/pic/samson-c03u.jpg
n03087816_463 http://www.microphonereviews.com/images/content/product/audio-technica-at4047/large/AT4047.jpg
n03087816_464 http://www.bhphotovideo.com/images/items/68268.jpg
n03087816_470 http://ecx.images-amazon.com/images/I/41N4xM%2BbHlL._SL500_AA280_.jpg
n03087816_471 http://uplayinstruments.com/images/C-1.jpg
n03087816_472 http://image.paipai.com/02561539/item-4722F05A-4C2D1D2D00000000004C35F501C36E3A.1.jpg.2.jpg
n03087816_476 http://www.calsound.com/shop/images/P/Aries.jpg
n03087816_477 http://www.gz008.cn/uploads/userup/0805/2216014L441.jpg
n03087816_490 http://www.dv247.com/assets/products/23684_m.jpg
n03087816_498 http://img.alibaba.com/photo/51045009/Tube_Condenser_Microphone.jpg
n03087816_499 http://www.yhaudio.com/images/ifet7.jpg
n03087816_503 http://www.joemeek.com/images/jm37dp/jm37dp_GROUP.jpg
n03087816_505 http://img3.musiciansfriend.com/dbase/pics/products/regular/0/1/3/542013.jpg
n03087816_507 http://ecx.images-amazon.com/images/I/417VlxdA5FL._SL160_.jpg
n03087816_514 http://www.easternelectronics.co.uk/Images/AT897.JPG
n03087816_516 http://www.zzounds.com/media/feed/large/CADC195.jpg
n03087816_522 http://www.harmony-central.com/ProductImages/Large/000001224.jpg
n03087816_523 http://www.tweakheadz.com/images/MDOSOLARIS.jpg
n03087816_526 http://www.starverse.ca/sve/apex435.jpg
n03087816_527 http://www.e-av.co.uk/products/MICDYNATM410.jpg
n03087816_528 http://img3.musiciansfriend.com/dbase/pics/products/regular/2/5/6/450256.jpg
n03087816_535 http://www.artspawn.org/c3000b.gif
n03087816_541 http://www.vintagetones.com/image/24384265.jpg
n03087816_545 http://secure1.securesite.co.uk/soun973919/acatalog/AT3035.jpg
n03087816_558 http://www.expandore.com/product/Audio_Technica/Broadcast/Pictures/at4033ab.jpg
n03087816_560 http://www.imuso.co.uk/images/Product/ST00280.jpg
n03087816_562 http://www.americanmusical.com/images/d/p168d.jpg
n03087816_565 http://img3.musiciansfriend.com/dbase/pics/products/0/2/1/369021.jpg
n03087816_570 http://img3.musiciansfriend.com/dbase/pics/products/regular/6/6/8/244668.jpg
n03087816_578 http://www.playrecord.net/images/emd/small/PGT-007GH__16450-S.jpg
n03087816_587 http://ecx.images-amazon.com/images/I/41Lb9F49ygL._SL500_AA280_.jpg
n03087816_589 http://img3.musiciansfriend.com/dbase/pics/products/regular/3/0/3/557303.jpg
n03087816_591 http://www.affordablehomeelectronics.com/ProductImages/medium/pcm-100.jpg
n03087816_603 http://image.paipai.com/fe67879b/item-470B793D-3729E90500000000003735E30187D2BE.1.jpg.2.jpg
n03087816_608 http://www.pro-music-news.com/html/02/80221bey.jpg
n03087816_609 http://www.adkmic.com/catalog/audiophileseries/images/ADK_Mount_Area51TT.jpg
n03087816_612 http://media.zzounds.com/media/feed/large/SHUKSM44SL.jpg
n03087816_634 http://img3.musiciansfriend.com/dbase/pics/products/regular/6/3/9/244639.jpg
n03087816_647 http://www.mveducation.com/assets/products/3290_t.jpg
n03087816_649 http://www.khong.com.tw/upimg/bigimg/麥克風(一).jpg
n03087816_657 http://www.eddiemoorsmusic.co.uk/shop/images/shubeta87a.jpg
n03087816_667 http://shopping.redorbit.com/providers/dbldistributing/images/ATR-55.jpg
n03087816_670 http://www.beringmusic.com/store/images/Shure%20KSM27-MED.jpg
n03087816_672 http://www.advanceddesignky.com/pictures/beta87.jpg
n03087816_686 http://static.flickr.com/2340/2324769474_1bc031371e.jpg
n03087816_687 http://images.buzzillions.com/images_products/08/24/rode_nt1a_cardioid_condenser_microphone_reviews_79907_175.jpg
n03087816_690 http://blog.digitalcontentproducer.com/briefingroom/wp-content/uploads/2008/03/at2020usb.jpg
n03087816_691 http://www.gigasonic.com/images/large/9900-40795-001.jpg
n03087816_692 http://img.ruten.com.tw/s2/c/68/a8/11080519858344_290.jpg
n03087816_693 http://moldovacc.md/audioline/Microphone/Condenser/B1.jpg
n03087816_694 http://www.audival.net/wp-content/uploads/2007/08/sm58.jpg
n03087816_698 http://www.dv247.com/assets/products/33725_t.jpg
n03087816_703 http://media.zzounds.com/media/feed/large/SAMC02.jpg
n03087816_704 http://media.zzounds.com/media/feed/small/SAMCL7.jpg
n03087816_714 http://image.paipai.com/3fef7a67/item-08B58E85-B116C61300000000003136E903374348.1.jpg.2.jpg
n03087816_739 http://www.impulsefree.com/prodimages/mb-4k.jpg
n03087816_741 http://www.superlux.com.tw/en/microphones/images/microphones/products/CMH8KMAX.jpg
n03087816_758 http://www.savedbytechnology.com/main2/m-audio_sputnik_microphone.jpg
n03087816_763 http://img3.musiciansfriend.com/dbase/pics/products/regular/4/9/4/559494.jpg
n03087816_770 http://img4.paipaiimg.com/6b096bbd/item-07FF8BBD-0C31080000000000000C366F02BDE033.1.jpg.2.jpg
n03087816_777 http://ecx.images-amazon.com/images/I/41W3BT719BL._SL500_AA280_.jpg
n03087816_782 http://www.users.cloud9.net/~wavesh/audio_pages/images/U47.jpg
n03087816_789 http://www.americanmusical.com/ProductImages/Large/p19214.jpg
n03087816_804 http://www.tecnec.com/productImage/BIG/AT4050.JPG
n03087816_808 http://www.theelectronicsshop.co.uk/Art%20Work/ECM-150.jpg
n03087816_809 http://www.davephillipsmusic.com/GTrack_stand_cw-web.jpg
n03087816_812 http://www.americanmusical.com/images/d/p4892d.jpg
n03087816_841 http://www.e-av.co.uk/products/MICCONATAE3000.jpg
n03087816_853 http://www.americanmusical.com/ProductImages/Large/p42520.jpg
n03087816_860 http://www.americanmusical.com/ProductImages/Large/p158.jpg
n03087816_861 http://www.handhelditems.com/img/1903/7390-GTRK.w304xh450.jpg
n03087816_867 https://www.samsontech.com/images/productimages/CL-8-proto-web.jpg
n03087816_872 http://www.americanmusical.com/images/d/p26735d.jpg
n03087816_886 http://i02.c.aliimg.com/img/offer/17/81/60/18/3/178160183.search.jpg
n03087816_890 http://www.djxpress.com.au/product_images_1/1726-p.jpg
n03087816_902 http://pcmusicsupply.com/images/microphones/Luna/lunamoney2_th.jpg
n03087816_903 http://www.record-producer.com/i/mxl-usb.jpg
n03087816_905 http://l.b5z.net/i/u/6106319/i/CL-8-proto-web_ezr2.jpg
n03087816_907 http://i01.c.aliimg.com/img/offer/67/49/78/58/67497858.summ.jpg
n03087816_911 http://www.bhphotovideo.com/images/items/119279.jpg
n03087816_913 http://www.thebuzzelectronics.com/itemImagesXL/129056.jpg
n03087816_917 http://www.wmcworld.com/productimages/microphones/specials/49.jpg
n03087816_933 http://www.coutant.org/altecm20/3452.jpg
n03087816_934 http://www.americanmusical.com/images/d/p33618d.jpg
n03087816_939 http://www.tomleemusic.ca/images/inventory/119087_f.jpg
n03087816_945 http://image.findandcompare.com/us/productimages/86/1106774.jpg
n03087816_949 http://static.flickr.com/76/210306930_5dc61944b3.jpg
n03087816_969 http://i00.c.aliimg.com/img/offer/16/18/17/10/8/161817108.search.jpg
n03087816_996 http://img3.musiciansfriend.com/dbase/pics/products/regular/8/5/7/541857.jpg
n03087816_999 http://www.kentmusictechnology.co.uk/images/MKE-44-P.jpg
n03087816_1007 http://www.newark.com/productimages/nio/standard/4461365.jpg
n03087816_1014 http://797audio.com/admin/uplodimg/1161308968.jpg
n03087816_1020 http://www.iframagazine.com/website/ntwebsite.nsf/AB72042916C012F0C12572170057A662/$FILE/Samson%20C01U%20USB%20studio%20microphone.jpg
n03087816_1021 http://images.guitarcenter.com/products/full/Shure/632866118111032562.jpg
n03087816_1031 http://www.rockandsoul.com/catalog/number%206.jpg
n03087816_1035 http://ssraudio.com/images/AT3060-_300.jpg
n03087816_1045 http://www.americanmusical.com/ProductImages/Large/24315.jpg
n03087816_1052 http://www.lib.sfu.ca/about/surrey/equipment/atm.jpg
n03087816_1060 http://img3.musiciansfriend.com/dbase/pics/products/regular/8/0/4/415804.jpg
n03087816_1064 http://media.zzounds.com/media/feed/large/AKGPERCEPTION200.jpg
n03087816_1071 http://www.udmdjstore.co.uk/pictures/products/35936v2556.jpg
n03087816_1072 http://www.idjnow.com/ProductImagesLarge/AT2020.jpg
n03087816_1084 http://www.caigou.com.cn/Upfile/Pro/2007/5/7/tiny2007579134416.jpg
n03087816_1089 http://www.mikeshop.cn/mimg/huiyi-188.jpg
n03087816_1091 http://www.copystars.com/images_products/behringer_studio_condenser_microphones_c_s16456.jpg
n03087816_1095 http://w3schools.comwww.w3c.orgwww.dynamicdrive.comwww.functionx.com/vcsharp/resources/microphone2.jpg
n03087816_1099 http://www.untappedtalent.co.uk/images/4203_l.jpg
n03087816_1111 http://www.gigasonic.com/images/large/mxlusb006.jpg
n03087816_1114 http://www.midweststereo.com/v/vspfiles/photos/RODE-CLASSICII-2T.jpg
n03087816_1115 http://www.playrecord.net/images/C05-L.jpg
n03087816_1127 http://www.woodbrass.com/images/woodbrass/BEHRINGER+C+3+MICRO+STUDIO.JPG
n03087816_1131 http://www.prorec.com/portals/1/legacy/Wc60098b1061ee.gif
n03087816_1138 http://www.harmony-central.com/ProductImages/Medium/000016501.jpg
n03087816_1143 http://img3.musiciansfriend.com/dbase/pics/products/regular/3/2/7/224327.jpg
n03087816_1154 http://futuremusic.com/news/images/blue_microphones_joe.jpg
n03087816_1164 http://img3.musiciansfriend.com/dbase/pics/products/regular/7/8/0/245780.jpg
n03087816_1168 http://img3.musiciansfriend.com/dbase/pics/products/regular/7/4/8/547748.jpg
n03087816_1174 http://www.pro-music-news.com/html/02/10716akg.jpg
n03087816_1176 http://websites.uk-plc.net/ALL_INSTRUMENTS/images/c209756p2094420d3939725.jpg
n03087816_1177 http://shop.oldradio.net/catalog/images/mini_microphone_002.jpg
n03087816_1179 http://cachepe.zzounds.com/media/quality,85/brand,zzounds/fit,400by400/p6727b-57d30d8762ffe5c8a038278386525772.jpg
n03087816_1188 http://midi-store.com/images/T/553365.jpg
n03087816_1192 http://www.schoeps.de/images-2004/mk-ccm5.jpg
n03087816_1197 http://www.mediatronics-me.com/img/m300.jpg
n03087816_1200 http://saturn-sound.com/images/calrec_cm15.jpg
n03087816_1214 http://ecx.images-amazon.com/images/I/41s4eDHXCqL._SL500_AA280_.jpg
n03087816_1233 http://img3.musiciansfriend.com/dbase/pics/products/regular/5/7/3/245573.jpg
n03087816_1236 http://www.e-av.co.uk/products/USBMICSAMG-TRA.jpg
n03087816_1239 http://www.impresswatch.com.cn/imagelist/08/26/jk08kt10q2ass.jpg
n03087816_1242 http://www.americanmusical.com/ProductImages/Large/23613.jpg
n03087816_1246 http://www.dv247.com/assets/products/18988_m.jpg
n03087816_1250 http://www.pressred.biz/images/JTS_NX8.8_Microphone.jpg
n03087816_1251 http://enews.penton.com/enews/beradio/newproducts/2008_07_31_new_products_extra/neumann_tlm_67/graphic
n03087816_1265 http://www.alpha-music.com/productcart/pc/catalog/765897556666.jpg
n03087816_1268 http://www.dv247.com/assets/products/11577_t.jpg
n03087816_1271 http://www.bhphotovideo.com/images/items/458399.jpg
n03087816_1275 http://media.zzounds.com/media/feed/large/RODNT1A.jpg
n03087816_1290 http://www.dvwarehouse.com/images/ksm27_sl_cc.jpg
n03087816_1300 http://www.avaccessoryhouse.com/images/full/c3000bplusk66.jpg
n03087816_1303 http://www.hardwarezone.com/img/data/nnews/2007/6409/File/microphone_l.jpg
n03087816_1306 http://www.americanmusical.com/images/d/p34273d.jpg
n03087816_1307 http://www.bswusa.com/assets/product_images/small/shur_sm81lc.jpg
n03087816_1308 http://www.millennium-music.co.uk/images/products/250/AKGC2000B.jpg
n03087816_1314 http://www.sonicftp.com/news/images/at_4050.jpg
n03087816_1321 http://img.ruten.com.tw/s2/6/4d/7a/11070622218618_620.jpg
n03087816_1325 http://www.rubadub.co.uk/mediaLibrary/images/english/65927.jpg
n03087816_1333 http://graph.exportpages.com/ppic/P89284F131701.jpg
n03087816_1334 http://www.activemusician.com/images/store/small/MP_PRO24.gif
n03087816_1350 http://www.atlasproaudio.com/hm7u.jpg
n03087816_1357 http://www.kentmusictechnology.co.uk/images/NT%201000.jpg
n03087816_1363 http://www.birdlandmusic.net/product_image.php?imageid=5083
n03087816_1366 http://www.americanmusical.com/ProductImages/Large/51209.jpg
n03087816_1381 http://stateofaffairs.info/studio/2mics_shock.jpg
n03087816_1390 http://www.dv247.com/assets/products/13432_t.jpg
n03087816_1395 http://img3.musiciansfriend.com/dbase/pics/products/regular/8/7/5/537875.jpg
n03087816_1406 http://www.gakki.com/catalog52/behringer_C1.jpg
n03087816_1407 http://www.americanmusical.com/images/d/p32762d.jpg
n03087816_1409 http://img3.musiciansfriend.com/dbase/pics/products/regular/7/5/7/478757.jpg
n03087816_1413 http://www.microphonesforless.com/files/1562657/uploaded/CADGLX2400.jpg
n03087816_1414 http://www.proaudio.com/images/akg_c414b-xlii.jpg
n03087816_1416 http://www.soundonsound.com/sos/jul06/images/bluesnowball_l.jpg
n03087816_1417 http://www.dv247.com/assets/products/17683_l.jpg
n03087816_1421 http://www.goelectronic.com/Merchant2/graphics/00000001/full/scm-1000.jpg
n03087816_1422 http://www.harmony-central.com/ProductImages/Large/000004861.jpg
n03087816_1435 http://img3.musiciansfriend.com/dbase/pics/products/regular/7/0/2/244702.jpg
n03087816_1439 http://proaudiotoys.com/images/S-7B_front-250x200.jpg
n03087816_1442 http://www.mediamusique.com/edit/vente/pict/Joe_Meek/JM37.jpg
n03087816_1443 http://www.audio-technica.com/cms/resource_library/product_images/0fc2a90779c50d30/med/atm89r.jpg
n03087816_1445 http://www.asiaudio.com.cn/sale/images/4088-B.jpg
n03087816_1446 http://www.harmony-central.com/ProductImages/Large/000020461.jpg
n03087816_1452 http://www.dv247.com/assets/products/2688_m.jpg
n03087816_1459 http://media.zzounds.com/media/feed/large/BEHC2.jpg
n03087816_1460 http://media.zzounds.com/media/feed/large/MDOLUNA.jpg
n03087816_1463 http://www.maindragmusic.com/cadgxl2200.jpg
n03087816_1470 http://www.sonystyle.ca/common/images/products/ECMMS907_lg.jpg
n03087816_1471 http://www.groovetubes.com/groovetubes/images/GT66.jpg
n03087816_1473 http://static.flickr.com/2060/2278430210_1ff55a9228.jpg
n03087816_1476 http://images.buzzillions.com/images_products/08/47/samson_c02_cardioid_condenser_microphone_reviews_80922_175.jpg
n03087816_1487 http://www.activemusician.com/images/store/small/EM_SAC01U.gif
n03087816_1489 http://www.calsound.com/shop/images/T/aries.jpg
n03087816_1495 http://images.asia.ru/img/alibaba/photo/51341035/CL_670_Condenser_Microphone.jpg
n03087816_1496 http://cdn.propertyroom.com/ImageServer/Sellers/Seller1/Images/CtrImgs/1_298200813044970.jpg
n03087816_1517 http://media.zzounds.com/media/feed/large/AUDAT2020USB.jpg
n03087816_1524 http://www.k4qky.com/mictest/pr781.jpg
n03087816_1533 http://www.dv247.com/assets/products/28693_t.jpg
n03087816_1536 http://www.planetoftunes.com/record/re_media/microphones/u87.jpg
n03087816_1538 http://www.rmeinc.com/IMAGES/ADK_SCT_D.JPG
n03087816_1541 http://www.adorama.com/images/Product/VDSHBETA87A.JPG
n03087816_1546 http://www.midnight.uk.net/Img/U87.jpg
n03087816_1550 http://www.m-audio.com/images/global/product_pics/big/solaris.jpg
n03087816_1551 http://img3.musiciansfriend.com/dbase/pics/products/4/5/7/244457.jpg
n03087816_1553 http://www.kentmusictechnology.co.uk/images/C03U.jpg
n03087816_1560 http://168.75.125.68/assets/product_images/medium/evi_cardinal.jpg
n03087816_1561 http://www.bhphotovideo.com/images/items/473629.jpg
n03087816_1562 http://img3.musiciansfriend.com/dbase/pics/products/regular/1/1/4/547114.jpg
n03087816_1563 http://www.copystars.com/images_products/samson_c15_cl_studio_condenser_s21229.jpg
n03087816_1578 http://www.soundonsound.com/sos/may04/images/rodent2000.l.jpg
n03087816_1585 http://www.pssl.com/images/ProdImage01/500/KSM27-SL.jpg
n03087816_1587 http://ecx.images-amazon.com/images/I/31FGMNHF3WL._SS500_.jpg
n03087816_1588 http://www.carvin.com/images/product/CM-87S1.jpg
n03087816_1592 http://www.storedj.com.au/products/images/products/985_normal.jpg
n03087816_1599 http://www.atlasproaudio.com/kelhm1.jpg
n03087816_1614 https://www.builderdepot.com/Nady_16/prodimg/scm-800.jpg
n03087816_1636 http://www.dv247.com/assets/products/24712_l.jpg
n03087816_1638 http://www.nevaton-microphones.com/images/nev_mc51a.jpg
n03087816_1641 http://www.uniquesquared.com/eBayImgs/c03u_kit01_thumb.jpg
n03087816_1644 https://www.audiolinks.com/tek9/images/products/C01.jpg
n03087816_1650 http://www.zzounds.com/media/feed/large/AUTATM10A.jpg
n03087816_1651 http://www.paradiserecords.net/proaudio/images/manley/cr2001.jpg
n03087816_1655 http://midi-store.com/images/T/401895-01.jpg
n03087816_1665 http://www.markertek.com/productImage/BIG/WL184.JPG
n03087816_1666 http://www.americanmusical.com/ProductImages/Large/p29023.jpg
n03087816_1670 http://agrippa.tattooeddad.com/wp-content/uploads/2008/11/photo-11.jpg
n03087816_1673 http://www.making-music.com/Mics-M147CondenserT.jpg
n03087816_1675 http://static.flickr.com/102/365554566_bd3065c9b0.jpg
n03087816_1676 http://www.mveducation.com/assets/products/3303_t.jpg
n03087816_1681 http://img3.musiciansfriend.com/dbase/pics/products/regular/3/5/5/244355.jpg
n03087816_1683 https://fountain.cybersharks.net/greatmusic/osp/cu-02_laptop_lg.jpg
n03087816_1687 http://media.fox50.com/images/capacitor_microphone_old_free.JPG
n03087816_1692 http://img3.musiciansfriend.com/dbase/pics/products/regular/4/6/1/417461.jpg
n03087816_1698 http://www.americanmusical.com/images/d/p23613d.jpg
n03087816_1700 http://www.bswusa.com/assets/product_images/small/sams_c01u.jpg
n03087816_1711 http://www.woodbrass.com/images/woodbrass/MICRO+SHURE+KSM32+SL+STUDIO+CONDENSATEUR+STATIQUE.JPG
n03087816_1712 http://www.americanmusical.com/images/d/p25633d.jpg
n03087816_1713 http://www.proaudiosystems.co.uk/images/shop/thumbs/c4500b_bc.jpg
n03087816_1719 http://img3.musiciansfriend.com/dbase/pics/products/4/7/8/436478.jpg
n03087816_1722 http://www.dv247.com/assets/products/28843_m.jpg
n03087816_1743 http://www.imuso.co.uk/images/Product/ST00388.jpg
n03087816_1754 http://www.robertraiken.com/pictures/B1.jpg
n03087816_1761 http://www.future-micro.ca/db/image.php?productid=613
n03087816_1765 http://www.maindragmusic.com/GXL1200.JPG
n03087816_1768 http://www.selftrading.co.uk/files/images/miccloseup.jpg
n03087816_1774 http://img3.musiciansfriend.com/dbase/pics/products/1/3/4/224134.jpg
n03087816_1786 http://www.libraprobroadcast.co.uk/prodimages/k2_side_lrg.jpg
n03087816_1787 http://images.aandhmarketing.com/bigpics/samson/c03u.jpg
n03087816_1791 http://www.instrumentpro.com/Merchant2/graphics/00000001/AKGC5900Mfull.jpg
n03087816_1794 http://salestores.com/stores/images/images_747/C48.jpg
n03087816_1796 http://danzemelman.com/gear.h10.jpg
n03087816_1798 http://www.taglearning.com/images/products/c01u_large.jpg
n03087816_1813 http://www.guitartrader.com/images/ProdImage01/250/SP-1.jpg
n03087816_1814 http://www.interstatemusic.com/wcsstore/InterstateMusic/ims/ipf/MICPRCPTN100.jpg
n03087816_1816 http://www.avsuperstore.com/images/Productimages/AKGC1000S.jpg
n03087816_1827 http://www.recordingservices.net/Graphics/011-stand.jpg
n03087816_1828 http://media.zzounds.com/media/feed/large/MSEMXLUSB.jpg
n03087816_1836 http://www.americanmusical.com/ProductImages/Large/p6727.jpg
n03087816_1839 http://img3.musiciansfriend.com/dbase/pics/products/regular/1/2/8/369128.jpg
n03087816_1844 http://www.uniquesquared.com/eBayImgs/c01u.jpg
n03087816_1869 http://proaudiotoys.com/images/ADK_TT_Microphone.jpg?osCsid=7cd56fc2f245e47d4a96544c6b72983f
n03087816_1872 http://www.rsl.nl/sales/images/cad_e200.jpg
n03087816_1874 http://www.eddiemoorsmusic.co.uk/shop/images/akgc2000b.jpg
n03087816_1876 http://image.paipai.com/ad3086bf/item-082A5728-397D962000000000003936BD0308CA5A.1.jpg.2.jpg
n03087816_1877 http://www.sfb.net/acatalog/jm37klein.jpg
n03087816_1884 http://www.jhsafe.com/safe/article/UploadPic/2006-7/2006721132729603.jpg
n03087816_1888 http://rotundrascal.com/images/Pearlman%20Mic.jpg
n03087816_1896 http://www.vertinfo.com/img/image1128/07122116s.jpg
n03087816_1903 http://www.isplc2006.org/b2b/pics/FET_Condenser_Microphone.jpg
n03087816_1910 http://www.allegrosound.com/Neumann_M149.jpg
n03087816_1915 http://www.coutant.org/u67/01.jpg
n03087816_1918 http://www.dak.com/reviews/imagesR4/3209_1Mic.gif
n03087816_1925 http://www.americanmusical.com/images/d/p158d.jpg
n03087816_1927 http://img3.musiciansfriend.com/dbase/pics/products/regular/4/2/2/245422.jpg
n03087816_1929 http://www.boyntonproaudio.com/v/vspfiles/photos/SOLDTUBE-2T.jpg
n03087816_1932 http://www.proacousticsusa.com/Products/FrontThumb2006022280014.jpeg
n03087816_1934 http://www.8thstreet.com/images/AT4041.jpg
n03087816_1936 http://www.activemusician.com/images/store/small/EM_NTK.gif
n03087816_1940 http://media.zzounds.com/media/feed/large/MSEV57M.jpg
n03087816_1941 http://cn.sugoo.com/UploadFiles/2008/2/26/s1_1000048870153737274.jpg
n03087816_1953 http://www.soundonsound.com/sos/dec04/images/samson1.s.jpg
n03087816_1955 http://www.everythingusb.com/hardware/resize.php?size=320&filename=samson_g_track_usb_mic.jpg
n03087816_1960 http://www.bananasmusic.com/multimedia/12937/MediumImage/12937_md.jpg
n03087816_1966 http://www.audiopros.eu/Images/Lauten/Lauten_LT381_2.jpg
n03087816_1967 http://img.nextag.com/image/Marshall-MXL-006-USB/1/000/005/262/628/526262894.jpg
n03087816_1969 http://www.soundonsound.com/sos/may04/images/rodent1a.l.jpg
n03087816_1975 http://images.miretail.com/products/optionLarge/Neumann/245285jpg.jpg
n03087816_1978 http://www.sellingofsuccess.com/vs/pic/pcm_6100_microphone/pcm_6100_microphone_g.jpg
n03087816_1991 http://www.usdjsupply.com/getProductPhoto.aspx?return=Shure%20KSM27%20Studio%20Condenser%20Microphone.jpg&maxwidth=400&maxheight=400&id=3432
n03087816_1997 http://www.dv247.com/assets/products/8656_t.jpg
n03087816_2003 http://www.mveducation.com/assets/products/23684_t.jpg
n03087816_2005 http://www.sony.net/Fun/SH/1-7/shimage/c-37a.gif
n03087816_2009 http://img3.musiciansfriend.com/dbase/pics/products/1/1/8/369118.jpg
n03087816_2010 http://www.speechtechnology.com/images/audio_technica/4071a.jpg
n03087816_2014 http://images.secure2u.com/191/Proc/Full/1771829.jpg
n03087816_2015 http://www.gigasonic.com/images/atat4051a.jpg
n03087816_2016 http://www.the-microphone-guide.com/images/Shure-KSM27-Studio-Microphone.jpg
n03087816_2018 http://www.jrrshop.com/images/images_big/joemeekjm47.jpg?osCsid=6f7ec299681f60c8488791e390f73c44
n03087816_2027 http://static.flickr.com/2396/2207089032_32a6102e72.jpg
n03087816_2050 http://cdn.propertyroom.com/ImageServer/Sellers/Seller1/Images/CtrImgs/1_298200813039830.jpg
n03087816_2053 http://www.dv247.com/assets/products/16180_m.jpg
n03087816_2057 http://ecx.images-amazon.com/images/I/419HTMBABFL.jpg
n03087816_2062 http://www.mixbuss.com/contentimages/rec_vocals_body3.jpg
n03087816_2063 http://www.proaudiodesign.com/pimages/large/P19875.jpg
n03087816_2068 http://futuremusic.com/news/images/audio-technica_AT2020.jpg
n03087816_2071 http://musicwonderland.co.uk/images/USB_U37_frontview.jpg
n03087816_2076 http://www.groovetubes.com/groovetubes/images/ACF2C8F.jpg
n03087816_2081 http://www.abelcine.com/store/files/products/t_1000238.jpg
n03087816_2084 http://www.rmcaudio.com/audiotech/pics/at3035.jpg
n03087816_2087 http://www.nice-racks.com/78449260.jpg
n03087816_2088 http://www.planetdj.com/images/AT813A.jpg
n03087816_2091 http://img3.musiciansfriend.com/dbase/pics/products/regular/3/4/6/245346.jpg
n03087816_2093 http://www.copystars.com/images_products/behringer_studio_condenser_microphones_c_s16455.jpg
n03087816_2103 http://www.americanmusical.com/ProductImages/Large/p42521.jpg
n03087816_2108 http://www.proaudio.com/images/behringer_b-2pro.jpg
n03087816_2111 http://z.hubpages.com/u/376245_f260.jpg
n03087816_2129 http://img.alibaba.com/photo/11672738/C_04_Studio_Condenser_Microphone.jpg
n03087816_2133 http://www.directproaudio.com/images/products/apex460_large.jpg
n03087816_2135 http://ecx.images-amazon.com/images/I/41KMTW5B2ZL._SL500_AA280_.jpg
n03087816_2138 http://www.soundonsound.com/sos/may06/images/evmcardinal.l.jpg
n03087816_2140 http://www.soundexchange2.com/ProductImages/maypictures/superlux%20cm-h8a%20mic.jpg
n03087816_2145 http://img3.musiciansfriend.com/dbase/pics/products/regular/4/7/9/495479.jpg
n03087816_2147 http://www.proaudiosystems.co.uk/images/shop/ae5100.jpg
n03087816_2151 http://www.musicinstrument.biz/images/condenser_mircophone.jpg
n03087816_2159 http://www.bananas.com/multimedia/2906/MediumImage/2906_md.jpg
n03087816_2163 http://www.masskobo.com/products/m284/m284.jpg
n03087816_2177 http://static.flickr.com/34/98587572_b5349b35b4.jpg
n03087816_2180 http://www.bexel.com/media/18640_C3000B.jpg
n03087816_2181 http://homepage.mac.com/madooma/Sites/iSale/Pictures/1220802971_0.jpg
n03087816_2184 http://www.boomerangsounds.co.uk/shopimages/products/normal/BEHC1_400x300_BS.jpg
n03087816_2187 http://www.tabs-database.com/images/sounds/fit_325by400_tabs_database_E614_hires_4856b12ac29b715c215a25f3780e841a.jpg
n03087816_2192 http://www.coffeysound.com/images/P/rode%20s2%20med.jpg
n03087816_2201 http://www.acoustics.salford.ac.uk/acoustics_info/microphones/microphones_files/image017.jpg
n03087816_2206 http://www.copystars.com/images_products/behringer_dual_diaphragm_studio_condenser_s16410.jpg
n03087816_2210 http://www.americanmusical.com/ProductImages/Large/p29418.jpg
n03087816_2211 http://img3.musiciansfriend.com/dbase/pics/products/regular/7/3/6/244736.jpg
n03087816_2220 http://cachepe.samedaymusic.com/media/quality,85/brand,sameday/gxl2200-7459fd8ba2373f0551e127e5aa1aea48.jpg
n03087816_2224 http://cn1.kaboodle.com/hi/img/2/0/0/106/7/AAAAAo6gVwwAAAAAAQZ6RQ.jpg
n03087816_2227 http://www.kentmusictechnology.co.uk/images/e865.jpg
n03087816_2229 http://img3.musiciansfriend.com/dbase/pics/products/regular/2/9/6/369296.jpg
n03087816_2234 http://www.coffeysound.com/images/P/neumann%20U87ai%20med.jpg
n03087816_2237 http://img3.musiciansfriend.com/dbase/pics/products/regular/2/7/6/245276.jpg
n03087816_2243 http://storemusicalinstruments.com/_cache/Microphones/img/AKG_microphones_3.jpg
n03087816_2245 http://www.dv247.com/assets/products/20585_m.jpg
n03087816_2253 http://www.adorama.com/images/Product/VDSHKSM44SL.JPG
n03087816_2272 http://www.proacousticsusa.com/Products/Frontperception200200123419.jpg
n03087816_2277 http://www.naiant.com/images/240_X-M_clip_240.JPG
n03087816_2278 http://recordingservices.net/Graphics/220-msp.jpg
n03087816_2282 http://www.ubergizmo.com/photos/2006/8/mxl-006.jpg
n03087816_2287 http://www.canford.co.uk/news/2007/VideoForum2007preview/RodeMic.jpg
n03087816_2291 http://www.barryrudolph.com/mix/graphics/e250.gif
n03087816_2293 http://www.thetwistergroup.com/store/image.php?imagefile=D%3C%3EPRO24.JPG
n03087816_2296 http://homepage.mac.com/tanguero/PodcastingDallas/page3/files/page3_3.jpg
n03087816_2297 http://www.dv247.com/assets/products/5816_m.jpg
n03087816_2306 http://txactor.com/wp-content/uploads/2008/03/244728.jpg
n03087816_2309 http://www.americanmusical.com/images/d/p31580d.jpg
n03087816_2311 http://www.dv247.com/assets/products/2615_t.jpg
n03087816_2317 http://www.mediatronics-me.com/img/um900.jpg
n03087816_2320 http://www.dv247.com/assets/products/28775_m.jpg
n03087816_2321 http://212.204.194.231/acatalog/C-1_medium200sfb.jpg
n03087816_2323 http://www.allegrosound.com/Neumann_M147.jpg
n03087816_2326 http://ssraudio.com/images/CL7_300.jpg
n03087816_2333 http://www.oktavamod.com/images/319group350.jpg
n03087816_2334 http://emusician.com/mics/Phantom-Classic_web.gif
n03087816_2335 http://shop.steinigke.de/data/normal/13030833.jpg
n03087816_2341 http://www.0152768191.talktalk.net/images/condensermic-pgt70.jpg
n03087816_2343 http://www.instrumentbutikken.no/images/Behringer%20C3%20Studio%20Condenser%20Microphone.jpg
n03087816_2344 http://www.dolphinmusic.co.uk/shop_image/product/79e277b47c17bf5ad91990603696c91d.jpg
n03087816_2353 http://www.soundonsound.com/sos/sep06/images/omega_l.jpg
n03087816_2364 http://www.mcminone.com/content/productimages/s1/35-1880.jpg
n03087816_2365 http://www.soundonsound.com/sos/jun00/images/akg_c2000mic.gif
n03087816_2371 http://www.rosemorris.com/r/medium/pix/1452.jpg
n03087816_2372 http://musicorp.com/images/products/AT3035_lg.jpg
n03087816_2376 http://www.threedoubleyou.com/SKY173_841.jpg
n03087816_2380 http://www.bananas.com/multimedia/3422/MediumImage/3422_md.jpg
n03087816_2383 http://www.electricroom.com.au/images/Audio+Spectrum/OSM800+Large+Diaphragm+Condenser+Microphone.jpg
n03087816_2387 http://www.tomleemusic.ca/images/inventory/112105_f.jpg
n03087816_2408 http://www.bhphotovideo.com/images/items/457589.jpg
n03087816_2412 http://guitarusa.co.kr/bbs/data/buys/485717.jpg
n03087816_2416 http://blog.mixonline.com/briefingroom/wp-content/uploads/2008/07/mojave_ma201fet_lo.jpg
n03087816_2421 http://img3.musiciansfriend.com/dbase/pics/products/regular/7/7/4/244774.jpg
n03087816_2423 http://www.audiopile.net/products/Microphones/C-451B/C-451B-full.jpg
n03087816_2429 http://farm1.static.flickr.com/58/219469659_395d8fd0fc.jpg
n03087816_2432 http://www.barryrudolph.com/utilities/graphics/adx90.gif
n03087816_2436 http://farm1.static.flickr.com/74/154278371_3ff3ecb476.jpg
n03087816_2449 http://www.securitycamerasandmore.com/ProductImages/dbl23/Thumb_gxl2200sp.jpg
n03087816_2456 http://www.adamhall.com/uk/media/products/D11/D1122-p1.jpg
n03087816_2461 http://www.skytronic.co.uk/rsc/img/100/173835.jpg
n03087816_2465 http://recordingservices.net/Graphics/220.jpg
n03087816_2466 http://static.flickr.com/2389/1797620333_20ec29296b.jpg
n03087816_2475 http://media.zzounds.com/media/feed/small/AUTPRO35XCW.jpg
n03087816_2476 http://www.innovativemusic.com.au/images/products/MXL/MXL2003big.jpg
n03087816_2484 http://shop.mobro.net/prodimg/22099900021.jpg
n03087816_2490 http://shop.mobro.net/prodimg/22017601010.jpg
n03087816_2501 http://www.proacousticsusa.com/Products/FrontThumb2006042634021.jpeg
n03087816_2506 http://www.bluearan.co.uk/sales/jts/images/NXA_mini.jpg
n03087816_2507 http://www.bhphotovideo.com/images/items/216023.jpg
n03087816_2510 http://www.cadmics.com/images/product/ICM417.jpg
n03087816_2513 http://www.dagexpress.com/incEngine/sites/dagexpress/products/AKG/akg_perception_200_condenser.jpg
n03087816_2516 http://static.flickr.com/46/126277605_4e6974002b.jpg
n03087816_2520 http://img3.musiciansfriend.com/dbase/pics/products/regular/5/1/1/421511.jpg
n03087816_2525 http://www.instrumentpro.com/Merchant2/graphics/00000001/AKGC3000full.jpg
n03087816_2536 http://www.djxpress.com.au/product_images_1/1723-p.jpg
n03087816_2545 http://www.carvinmuseum.com/images/yearbyyear/1987/87_microphones-small.jpg
n03087816_2548 http://www.audio-technica.com/cms/resource_library/product_images/f44868f90b8aa035/med/atr70c.jpg
n03087816_2554 http://www.markertek.com/productImage/BIG/AT829CW.JPG
n03087816_2555 http://www.frogloggers.com/gallery/STd%20Microphone.jpg
n03087816_2559 http://static.flickr.com/161/363222589_576568e52b.jpg
n03087816_2561 http://www.pro-music-news.com/html/02/01031sh2.jpg
n03087816_2568 https://www.audiolinks.com/Samson/manufact/00800.jpg
n03087816_2569 http://img3.musiciansfriend.com/dbase/pics/products/4/4/7/245447.jpg
n03087816_2572 http://www.audio-technica.com/cms/resource_library/product_images/b536de9e54d9b7f6/med/at813a.jpg
n03087816_2573 http://www.dv247.com/assets/products/28184_m.jpg
n03087816_2577 http://www.coutant.org/solitube/soli_tube.jpg
n03087816_2580 http://www.dv247.com/assets/products/21024_t.jpg
n03087816_2581 http://www.oktavamod.com/images/domed%20ghost%20400.jpg
n03087816_2584 http://168.75.125.68/assets/product_images/medium/atec_at4060.jpg
n03087816_2586 http://www.soundonsound.com/sos/mar04/images/maudio1.l.jpg
n03087816_2589 http://www.chucklevins.com/productimages/microphones/studiomic/mxlm.jpg
n03087816_2596 http://www.auzentech.com/site/images/jammate/ufo/ufo_shockmount.jpg
n03087816_2607 http://www.soundonsound.com/sos/Nov02/images/bluebaby.gif
n03087816_2612 http://static.flickr.com/1034/1163665404_f30396e5eb.jpg
n03087816_2621 http://www.dpsol.net/w5dp/akgc3000.jpg
n03087816_2622 http://www.groovetubes.com/groovetubes/images/gt_gt50.jpg
n03087816_2625 http://www.grandmas.com/shop/images/Audio-technicaAT2020.jpg
n03087816_2629 http://www.lautenaudio.com/files/horizon00.jpg
n03087816_2633 http://img3.musiciansfriend.com/dbase/pics/products/regular/4/7/8/436478.jpg
n03087816_2634 https://www.audiolinks.com/tek9/images/products/c2000b4055c756ec0b1.jpg
n03087816_2635 http://www.americanmusical.com/ProductImages/Large/p39452.jpg
n03087816_2640 http://ecx.images-amazon.com/images/I/21CzUIWCAGL._SL500_AA280_.jpg
n03087816_2644 http://www.shure.com/stellent/groups/public/@gms_gmi_web_us/documents/web_resource/site_img_us_pro_ksm27-sl_l.jpg
n03087816_2647 http://www.idjnow.com/ProductImagesLarge/S1.jpg
n03087816_2648 http://www.studiospec.com/images/product_images/v_product_129_u87.jpg
n03087816_2649 http://www.mikeshop.cn/simg/huiyi-189.jpg
n03087816_2662 http://www.urbanbeatmovement.com/b2_pro.jpg
n03087816_2664 http://store.solutionsinc.co.uk/image/MXL770-condenser-mics.jpg?
n03087816_2674 http://123dj.com/microphones/corded/b5.jpg
n03087816_2685 http://www.commsandsound.com/images/css/MICS/Shure/Boundary_mics_big.jpg
n03087816_2690 http://www.directproaudio.com/images/products/apex435-large.jpg
n03087816_2692 http://www.musicalley.org/images/sp1Lg.jpg
n03087816_2702 http://www.americanmusical.com/ProductImages/Large/52121.jpg
n03087816_2706 http://cn1.kaboodle.com/hi/img/2/0/0/ed/0/AAAAApiV-3YAAAAAAO0KJQ.jpg
n03087816_2707 http://img3.musiciansfriend.com/dbase/pics/products/regular/7/5/2/501752.jpg
n03087816_2709 http://ecx.images-amazon.com/images/I/31mkFbU8PDL._SL500_AA280_.jpg
n03087816_2718 http://img3.musiciansfriend.com/dbase/pics/products/regular/2/5/1/369251.jpg
n03087816_2720 http://www.woodbrass.com/images/woodbrass/B-2PRO_big.jpg
n03087816_2723 http://i00.c.aliimg.com/img/offer/15/94/00/03/5/159400035-1
n03087816_2726 http://www.avsuperstore.com/images/Productimages/EVRE200.jpg
n03087816_2730 http://media.zzounds.com/media/feed/large/AKGC900.jpg
n03087816_2733 http://www.oldatheart.co.uk/newcondenser2.jpeg
n03087816_2736 http://www.videoguys.com.au/ProdImages/b-1_medium.jpg
n03087816_2737 http://www.greatmusicproductsonline.com/osp/cl700_lg.jpg
n03087816_2740 http://www.avworshipsystems.com/images/_products/full/code3.jpg
n03087816_2743 http://www.instructables.com/files/deriv/FMP/N57S/FBHXD3VJ/FMPN57SFBHXD3VJ.MEDIUM.jpg
n03087816_2744 http://www.superlux.com.tw/en/microphones/images/microphones/products/PRA238DMAX.jpg
n03087816_2747 http://www.zzounds.com/media/feed/large/MDOPULSAR.jpg
n03087816_2749 http://cachepe.samedaymusic.com/media/quality,85/brand,sameday/CM2S_mic_photo-7bd718e7ceeea277fcad3b1a602a5785.jpg
n03087816_2758 https://home.comcast.net/~eastsideproject/akg.jpg
n03087816_2761 http://img3.musiciansfriend.com/dbase/pics/products/regular/0/4/6/502046.jpg
n03087816_2765 http://www.audiodiscounters.com/shopping/image.php?type=P&id=3021
n03087816_2768 http://www.adorama.com/images/Product/AUAT815B.JPG
n03087816_2770 http://farm3.static.flickr.com/2228/2257174406_466f519435.jpg
n03087816_2771 http://ecx.images-amazon.com/images/I/21ZGWGQJSQL._SL500_AA280_.jpg
n03087816_2778 http://www.techshout.com/images/se-usb2200a-mic.jpg
n03087816_2779 http://www.taiaudio.com/catalog/images/Cms7s.jpg
n03087816_2781 http://www.rmcaudio.com/audiotech/pics/at3031.jpg
n03087816_2782 http://www.acoustx.us/images/am-1_mic+stand.jpg
n03087816_2783 http://szjhc.com/en/upload/2008188302695783.jpg
n03087816_2786 http://www.beyerdynamic.de/typo3temp/pics/df38dd8016.jpg
n03087816_2790 http://www.thomann.de/prodbilder/197603.jpg
n03087816_2812 http://image.paipai.com/b834b42f/item-47E11FBE-A075950F000000000020368502D48889.1.jpg.3.jpg
n03087816_2814 http://www.newstagesound.com/images/Clock%20c-650e-a.jpg
n03087816_2817 http://www.dv247.com/assets/products/28767_t.jpg
n03087816_2825 http://shop.mobro.net/prodimg/22011500009.jpg
n03087816_2830 http://www.sweetwaveaudio.com/sales/audix/vocal_condenser_microphones_files/cx-112.jpg
n03087816_2832 http://www.sontronics.com/Graphics/images/STC-6-MASTER.gif
n03087816_2834 http://img3.musiciansfriend.com/dbase/pics/products/9/2/9/462929.jpg
n03087816_2838 http://www.idjnow.com/ProductImagesLarge/K2.jpg
n03087816_2842 http://static.flickr.com/58/219469659_395d8fd0fc.jpg
n03087816_2861 http://www.dv247.com/assets/products/3280_m.jpg
n03087816_2863 http://img3.musiciansfriend.com/dbase/pics/products/0/5/0/321050.jpg
n03087816_2864 http://catalogs.infocommiq.com/AVCat/IMAGES%2Fproducts%2Fdetail%2FC4500%20B-BC%20main.jpg
n03087816_2866 http://www.eham.net/data/reviews/images/2950.jpeg
n03087816_2872 http://www.groovetubes.com/groovetubes/images/right_top_off.jpg
n03087816_2873 http://www.cadmics.com/images/product/GXL3000.jpg
n03087816_2879 http://images.guitarcenter.com/products/full/AKG/632866121625987570.jpg
n03087816_2888 http://www.dv247.com/assets/products/29499_m.jpg
n03087816_2890 http://ecx.images-amazon.com/images/I/31R2WA95CYL._SL500_AA280_.jpg
n03087816_2891 http://www.musictechmag.co.uk/files/Images/Page%20Views/MTM38/400/C01U.jpg
n03087816_2892 http://www.av-central.com.au/resources/AVCENTRAL/files/59489436-55484581.jpg
n03087816_2895 http://avoca.vicnet.net.au/%7Emacinc/images/77dx.jpg
n03087816_2896 http://media.zzounds.com/media/feed/large/SAMCL7.jpg
n03087816_2898 http://www.livingincomfort.com/dblImages/small/c535eb.jpg
n03087816_2902 http://www.harmony-central.com/ProductImages/Medium/000039123.jpg
n03087816_2910 http://www.dv247.com/assets/products/2598_m.jpg
n03087816_2918 http://www.steelbender.com/pictures/rodemic3a.jpg
n03087816_2919 http://www.classicaudio-china.com/link/Image/elux251.jpg
n03087816_2927 http://pic.ccn.mofcom.gov.cn/duomeiti/10639153/0081.jpg
n03087816_2932 http://www.proaudiosystems.co.uk/images/shop/large/at8035-temp.jpg
n03087816_2934 http://www.americanmusical.com/ProductImages/Large/p12662.jpg
n03087816_2949 http://www.coffeysound.com/images/P/sennheiser%20mkh40%20med.jpg
n03087816_2951 http://www.ferret.com.au/odin/images/174157/Quarter-inch-precision-condenser-microphone-174157.jpg
n03087816_2954 http://www.sound-e.com/Article/UploadFiles/200604/20060405111447126.jpg
n03087816_2957 http://img3.musiciansfriend.com/dbase/pics/products/regular/1/5/1/301151.jpg
n03087816_2959 http://images.aandhmarketing.com/bigpics/Samson/sacl7.jpg
n03087816_2960 http://www.woodbrass.com/images/woodbrass/KSM27.JPG
n03087816_2967 http://www.mysticgoods.com/pictures/365/pcm_6100_professional_condenser_microphone/pcm_6100_professional_condenser_microphone_2.jpg
n03087816_2968 http://www.dv247.com/assets/products/3290_m.jpg
n03087816_2985 http://www.imuso.co.uk/images/Product/PA00477.jpg
n03087816_2991 http://cachepe.zzounds.com/media/quality,85/brand,zzounds/fit,50by50/p6727b-57d30d8762ffe5c8a038278386525772.jpg
n03087816_2992 http://www.pearlmanmicrophones.com/images/265_microphone%20copy.jpg
n03087816_2998 http://www.electricroom.com.au/images/M-Audio/Microphones/Aries+Condenser+Microphone.jpg
n03087816_2999 http://www.audio-technica.com/cms/resource_library/product_images/89dab8d0375dfb7a/med/at3528.jpg
n03087816_3001 http://ecx.images-amazon.com/images/I/41AQVKP3PML._SL500_AA280_.jpg
n03087816_3005 http://shop.mobro.net/prodimg/22099900026.jpg
n03087816_3006 http://www.chucklevins.com/productimages/microphones/specials/49.jpg
n03087816_3008 http://www.cadmics.com/images/product/GXL2200.jpg
n03087816_3014 http://www.idealgadget.com/wp-content/images/panasonic-karaoke-microphone.jpg
n03087816_3017 http://www.soundfield.co.uk/soundfield/images/mic_in_mount.jpg
n03087816_3019 http://www.hmcdisplay.com/images/CM2S_mic_LCondensed.jpg
n03087816_3026 http://thumbnail.image.rakuten.co.jp/@0_mall/ikebe/cabinet/digi/img12140343.jpg
n03087816_3028 http://img3.musiciansfriend.com/dbase/pics/products/regular/7/3/4/244734.jpg
n03087816_3033 http://www.americanmusical.com/images/d/p33617d.jpg
n03087816_3038 http://static.flickr.com/3133/2774639365_b1238edc81.jpg
n03087816_3039 http://mixguides.com/images/archive/Audio-Technica700.web.jpg
n03087816_3045 http://media.zzounds.com/media/feed/large/RODNT3.jpg
n03087816_3050 http://www.copystars.com/images_products/behringer_studio_condenser_microphone_c_s16454.jpg
n03087816_3052 http://www.e-av.co.uk/products/MICCONATM710.jpg
n03087816_3056 http://www.adorama.com/images/Product/AUAT822S.JPG
n03087816_3062 http://media.zzounds.com/media/feed/large/AUTPRO35XCW.jpg
n03087816_3073 http://www.groovetubes.com/groovetubes/images/gt_gt60.jpg
n03087816_3081 http://www.crmav.com/i/5/46531170436735.jpg
n03087816_3085 http://www.harmony-central.com/Events/SNAMM99/Audio-Technica/AT4047-SV.jpg
n03087816_3090 http://sterlingaudio.net/images/products/st31_b.jpg
n03087816_3091 http://www.westexmedia.com/images/sp_b3.jpg
n03087816_3092 http://image.shopzilla.com/resize?sq=160&uid=438608074
n03087816_3095 http://ssraudio.com/images/AT3035_300.jpg
n03087816_3096 http://www.polaraudio.co.uk/images_3/mpc22_all.gif
n03087816_3097 http://img3.musiciansfriend.com/dbase/pics/products/4/5/4/245454.jpg
n03087816_3098 http://www.oakwoodbroadcast.com/product_images/3077_1_AT2020.jpg
n03087816_3104 http://pan7.fotovista.com/dev/7/9/43050097/g_43050097.jpg
n03087816_3107 http://www.circuitcity.com/IMAGE/product/detail/at/EC.AT.AT3035.CN.JPG
n03087816_3109 http://www.cadmics.com/images/product/ST100.jpg
n03087816_3110 http://www.dv247.com/assets/products/23338_t.jpg
n03087816_3112 http://image.shopzilla.com/resize?sq=160&uid=437973728
n03087816_3113 http://www.e-av.co.uk/products/MICCONATAT2020.jpg
n03087816_3122 http://img3.musiciansfriend.com/dbase/pics/products/regular/3/5/2/503352.jpg
n03087816_3123 http://img3.musiciansfriend.com/dbase/pics/products/regular/2/8/8/369288.jpg
n03087816_3128 http://www.eastcoastmusicmall.com/ProductImages/serm1c.gif
n03087816_3130 http://img3.musiciansfriend.com/dbase/pics/products/regular/3/9/5/539395.jpg
n03087816_3132 http://img3.musiciansfriend.com/dbase/pics/products/4/4/2/538442.jpg
n03087816_3140 http://www.sweetwaveaudio.com/sales/behringer/microphones_headphones_files/C-1_medium.jpg
n03087816_3144 http://ecx.images-amazon.com/images/I/41tyL0daNkL._SL500_AA280_.jpg
n03087816_3147 http://www.comparestoreprices.co.uk/images/ya/yamaha-mxl-1006-condenser-microphone.jpg
n03087816_3155 http://www.americanmusical.com/ProductImages/Large/p29528.jpg
n03087816_3160 http://media.zzounds.com/media/feed/small/AKGC4000B.jpg
n03087816_3168 http://microphones.com/images/audio_technica/4051a.jpg
n03087816_3169 http://images.aandhmarketing.com/pics/Samson/sacl8.jpg
n03087816_3173 http://www.hirethings.co.nz/photo/image/4243/large/Crown_CM-700_Condenser_Microphone.jpg
n03087816_3181 http://www.zzounds.com/media/feed/large/BEHB1.jpg
n03087816_3189 http://www.rubadub.co.uk/mediaLibrary/images/english/53648.jpg
n03087816_3197 http://www.sterlingaudio.net/images/products/st31_b.jpg
n03087816_3203 http://www.wunderaudio.com/images/CM12w%20back.jpg
n03087816_3207 http://imsproav.com/images/products/Oktava/OKTAVAMK220.jpg
n03087816_3213 http://www.globalmediapro.com/av/attach/1180/mcs-1vai.jpg
n03087816_3221 http://img3.musiciansfriend.com/dbase/pics/products/regular/8/9/3/244893.jpg
n03087816_3246 http://www.evmnyc.com/CADTri6000.jpg
n03087816_3262 http://novamusik.com/images/more_info/ksm32.JPG
n03087816_3266 http://www.saturn-sound.com/images/rode%20nt2%20-%20fet%20capacitor%20type%20microphone.jpg
n03087816_3268 http://www.imuso.co.uk/images/Product/ST00204.jpg
n03087816_3281 http://www.audiooutfitter.com/images/items/076/30076-pcm-100.jpg
n03087816_3283 http://img3.musiciansfriend.com/dbase/pics/products/regular/0/5/0/321050.jpg
n03087816_3290 http://www.ctaplive.org/pd/ctap02/images/atec_at3035.jpg
n03087816_3306 http://www.dv247.com/assets/products/5872_m.jpg
n03087816_3318 http://media.zzounds.com/media/feed/large/AKGC2000BH100.jpg
n03087816_3328 http://www.spectrumaudio.com/prodimages/thumbs/AT4047-SV.jpg.jpg
n03087816_3333 http://www.djkit.co.uk/images/products/large/ZB155.jpg
n03087816_3335 http://www.adkmic.com/catalog/customshop/images/thb_CS-1_wShock.jpg
n03087816_3339 http://www.soundrecordingadvice.com/images/studiomic.jpg
n03087816_3349 http://www.willismusic.com/newecomsite/images/AUDIOTECHNICA_AT3035_dw.jpg
n03087816_3351 http://ecx.images-amazon.com/images/I/41YSJMCGT5L._SL500_AA280_.jpg
n03087816_3356 http://ecx.images-amazon.com/images/I/412-%2BzRoLLL._SL500_AA280_.jpg
n03087816_3359 http://www.axemusic.com/Pictures/samson_c01_2.jpg
n03087816_3362 http://www.dv247.com/assets/products/3303_l.jpg
n03087816_3365 http://www.saturn-sound.com/images/fi-cord%201200a%20-%20nuvistor%20type%20capacitor%20microphone.jpg
n03087816_3366 http://ecx.images-amazon.com/images/I/41s8fO1UjNL._SL500_AA280_.jpg
n03087816_3369 http://www.madmanaudio.com/images/Shure%20KSM32SL%20Condenser%20Mic.jpg
n03087816_3377 http://www.idjnow.com/ProductImagesLarge/NT2A.jpg
n03087816_3381 http://image.paipai.com/e9d919c0/item-080345AF-82109F1D000000000002369F02F7DA04.1.jpg.2.jpg
n03087816_3389 http://www.americanmusical.com/images/d/p269d.jpg
n03087816_3390 http://www.goelectronic.com/Merchant2/graphics/00000001/4/spc-15-nady.jpg
n03087816_3392 http://168.75.125.68/assets/product_images/medium/akg_c2000B.jpg
n03087816_3398 http://www.soundonsound.com/sos/apr07/images/Milab3CloseUp_l.jpg
n03087816_3406 http://www.soundonsound.com/sos/aug04/images/sez3300aheader.s.jpg
n03087816_3411 http://www.dv247.com/assets/products/8923_t.jpg
n03087816_3416 http://content.etilize.com/Thumbnail/1010102760.jpg
n03087816_3428 http://shop.mobro.net/prodimg/22017601011.jpg
n03087816_3447 http://www.dv247.com/assets/products/2890_t.jpg
n03087816_3458 http://www.fullcompass.com/common/products/lg/43148.jpg
n03087816_3467 http://www.rmcaudio.com/audiotech/pics/AT4033a.jpg
n03087816_3468 http://ecomm.toursupply.com/~tsi/images/items/at2020_3.jpg
n03087816_3485 http://www.ascap.com/playback/2007/fall/toolbox/images/sb05.jpg
n03087816_3488 http://www.dv247.com/assets/products/19164_m.jpg
n03087816_3490 http://www.performanceaudio.com/images/products/184/5077.jpg
n03087816_3495 http://www.americanmusical.com/ProductImages/Large/p8864.jpg
n03087816_3497 http://www.pulseonline.com/AKG/C3000B.jpg
n03087816_3498 http://www.dv247.com/assets/products/13254_t.jpg
n03087816_3501 http://static.flickr.com/46/114078440_7e243552da.jpg
n03087816_3509 http://media.zzounds.com/media/feed/large/NEMTLM127SA.jpg
n03087816_3510 http://img3.musiciansfriend.com/dbase/pics/products/regular/1/5/1/416151.jpg
n03087816_3511 http://www.gigasonic.com/images/akgc214.jpg
n03087816_3512 http://www.thetwistergroup.com/store/image.php?imagefile=D%3C%3EATM350.JPG
n03087816_3529 http://static1.mundoanuncio.com/img/2008/6/24/11617937311.jpg
n03087816_3533 http://www.samysproaudio.com/products/audio-technica/audipro7a_x190.jpg
n03087816_3540 http://www.coffeysound.com/images/P/audio%20technica%20at4051a%20med.jpg
n03087816_3542 http://www.americanmusical.com/ProductImages/Large/p157.jpg
n03087816_3544 http://www.idjnow.com/ProductImagesLarge/NT1A.jpg
n03087816_3550 http://www.e-av.co.uk/products/MICDUALELATM250DE.jpg
n03087816_3555 http://www.hifi163.com/UploadFiles/Article/2008/8/200808171530523703.jpg
n03087816_3556 http://www.instrumentpro.com/Merchant2/graphics/00000001/TL.jpg
n03087816_3568 http://www.tomleemusic.ca/images/inventory/132031_f.jpg
n03087816_3572 http://www.proaudio.com/images/CAD_GXL2400.jpg
n03087816_3575 http://www.bhphotovideo.com/images/items/163789.jpg
n03087816_3583 http://www.dsmiller.com/Images/CM-90.jpg
n03087816_3598 http://www.impresswatch.com.cn/imagelist/08/26/49x22c4d1gq1s.jpg
n03087816_3601 http://www.zzounds.com/media/feed/large/SEESE2200A.jpg
n03087816_3609 http://img3.musiciansfriend.com/dbase/pics/products/regular/3/8/3/493383.jpg
n03087816_3615 http://www.dv247.com/assets/products/8656_m.jpg
n03087816_3619 http://www.recording-studio-101.com/images/neumann_u87ai.jpeg
n03087816_3628 http://www.hobbytron.com/media/b-1_small.jpg
n03087816_3631 http://www.tomleemusic.ca/images/inventory/102835_f.jpg
n03087816_3633 http://mannys.com.au/store/images/uploads/Cardinal.jpg
n03087816_3642 http://www.cadmics.com/images/product/GXL1200.jpg
n03087816_3648 http://static.flickr.com/2203/1551422469_8cf2acd6e2.jpg
n03087816_3655 http://media.zzounds.com/media/feed/large/AKGPERCEPTION100.jpg
n03087816_3663 http://beonbeat.com/library/COuts_Luna_CC779.jpg
n03087816_3666 http://www.worldofstereoonline.com/images/o.jpg
n03087816_3672 http://www.pro-music-news.com/html/02/11023akg.jpg
n03087816_3685 http://www.hifi163.com/UploadFiles/Article/2008/8/200808171531000735.jpg
n03087816_3687 http://musiclandexpress.com/catalog/images/P10991.JPG
n03087816_3688 http://ecx.images-amazon.com/images/I/41%2By95XR%2B7L._SL500_AA280_.jpg
n03087816_3689 http://www.gbaudio.co.uk/images/c419.jpg
n03087816_3698 http://www.dv247.com/assets/products/2598_t.jpg
n03087816_3709 http://ec1img.pchome.com.tw/pic/A/H/A/C/0/6/AHAC06-A11183664000
n03087816_3713 http://www.interstatemusic.com/wcsstore/InterstateMusic/ims/ipf/MICKSM27.jpg
n03087816_3724 http://ec1img.pchome.com.tw/pic/D/G/A/R/0/1/DGAR01-A21787636_47ce1e2576faf
n03087816_3728 http://www.soundonsound.com/sos/mar04/images/brauner1.l.jpg
n03087816_3731 http://www.soundprofessionals.com/mas_assets/full/SH-KSM27.jpg
n03087816_3737 http://img3.musiciansfriend.com/dbase/pics/products/regular/4/8/1/245481.jpg
n03087816_3742 http://www.bananas.com/multimedia/3299/MediumImage/3299_md.jpg
n03087816_3743 http://ecx.images-amazon.com/images/I/311XQEA9R5L._SL500_AA280_.jpg
n03087816_3745 http://sanken.ch/san-pikt/g-cu-41.jpg
n03087816_3746 http://www.sweetwater.com/images/items/215/AT4047.jpg
n03087816_3748 http://img3.musiciansfriend.com/dbase/pics/products/2/3/4/303234.jpg
n03087816_3769 http://img3.musiciansfriend.com/dbase/pics/products/3/5/1/224351.jpg
n03087816_3771 https://www.globalmediapro.com/av/attach/1283/mcs-4vb.jpg
n03087816_3782 http://lnlrecording.com/images/Microphones/ksm32-shock_small.jpg
n03087816_3793 http://www.zingsmusic.com/images/med/G-Track.jpg
n03087816_3805 http://img3.musiciansfriend.com/dbase/pics/products/regular/4/3/5/538435.jpg
n03087816_3808 http://www.thetwistergroup.com/store/image.php?imagefile=D%3C%3EATM450.JPG
n03087816_3810 http://www.sweetwaveaudio.com/sales/audix/instrument_condenser_microphones_files/adx-51.jpg
n03087816_3811 http://5150musicfactory.com/prodimages/fetlg.jpg
n03087816_3813 http://www.lakewoodconferences.com/direct/dbimage/50229187/Microphone.jpg
n03087816_3820 http://www.copystars.com/images_products/behringer_single_diaphragm_condenser_microphone_s16452.jpg
n03087816_3822 http://www.proaudioland.com/prod_img/prod_page/MXL770.jpg
n03087816_3824 http://www.shilohmusicbox.com/images/PERCEPTION100.jpg
n03087816_3826 http://www.istockphoto.com/file_thumbview_approve/5506404/2/istockphoto_5506404_condenser_microphone.jpg
n03087816_3828 http://img3.musiciansfriend.com/dbase/pics/products/regular/7/7/7/245777.jpg
n03087816_3831 http://www.thetwistergroup.com/store/image.php?imagefile=D%3C%3ESCM-900.JPG
n03087816_3834 http://www.pro-music-news.com/html/02/00807evi.jpg
n03087816_3853 http://ecx.images-amazon.com/images/I/31E9J95FfsL._SL500_AA280_.jpg
n03087816_3860 http://www.quasarelectronics.com/images/skytronic/173488.jpg
n03087816_3868 http://store.extremeprosound.com/merchant2/graphics/00000001/graphics/00000001/ebay/at3035.jpg
n03087816_3875 http://img3.musiciansfriend.com/dbase/pics/products/regular/0/9/8/406098.jpg
n03087816_3878 http://www.hmcdisplay.com/images/SPC15_LCondensed.jpg
n03087816_3893 http://www.americanmusical.com/images/d/p37d.jpg
n03087816_3895 http://img3.musiciansfriend.com/dbase/pics/products/regular/5/5/9/411559.jpg
n03087816_3896 http://www.instrumentpro.com/Merchant2/graphics/00000001/AKGC535Bfull.jpg
n03087816_3897 http://www.ear2track.com/Prod_pix/MICS/M-Audio/lunamoney2_400.jpg
n03087816_3901 http://static.flickr.com/84/232396321_03a0685c47.jpg
n03087816_3907 http://www.groovetubes.com/assets/2140_convert.JPG
n03087816_3927 http://img3.musiciansfriend.com/dbase/pics/products/regular/8/3/1/244831.jpg
n03087816_3930 http://www.esoundz.com/details/images/AMPEG/zooms/AM-MIC-Cond414.jpg
n03087816_3931 http://www.yhaudio.com/images/e49.jpg
n03087816_3944 http://www.pdmusic.com/images_emart/medium/1877_medium.jpg
n03087816_3958 http://www.gear4music.com/media/1458/200/preview.jpg
n03087816_3959 http://guitarusa.co.kr/bbs/data/buys/369267.jpg
n03087816_3960 http://www.e-av.co.uk/products/USBMICSAMQ1U.jpg
n03087816_3963 http://pic.ccn.mofcom.gov.cn/duomeiti/10639153/0091.jpg
n03087816_3965 http://www.rockandsoul.com/catalog/number%207.jpg
n03087816_3966 http://www.dv247.com/assets/products/14305_t.jpg
n03087816_3973 http://www.coutant.org/akgc2000b/4935.jpg
n03087816_3977 http://l.b5z.net/i/u/6001280/i/OKTAVAmk319.jpg
n03087816_3979 http://www.bhphotovideo.com/images/items/298838.jpg
n03087816_3985 http://img3.musiciansfriend.com/dbase/pics/products/3/8/3/493383.jpg
n03087816_3993 http://www.oktava-shop.com/img/103.jpg
n03087816_4000 http://img3.musiciansfriend.com/dbase/pics/products/regular/4/6/6/244466.jpg
n03087816_4004 http://www.podsqod.com/images/tlm49.jpg
n03087816_4013 http://www.pacificproaudio.com/images/products/products_lg/ts-2main.jpg
n03087816_4015 http://www.etcetera.co.uk/products/images/SMP110.gif
n03087816_4017 http://www.performermag.com/images/Tascam.LD-74.jpg
n03087816_4019 http://canadianaudiodistributors.com/Index/ARTWORK/mwVTB.jpg
n03087816_4027 http://minsansauers.com/images/AT4033aSMmicrophone.jpg
n03087816_4031 http://www.microphonereviews.com/images/content/product/m-audio-solaris/large/m-audio_solaris_3.jpg
n03087816_4032 http://www.bandland.co.uk/catalog/product_thumb.php?img=images/PA/mic/atae3300k600.jpg&w=200&h=200
n03087816_4035 http://www.llanorant.net/images/ahomestudiomic.png
n03087816_4037 http://www.avsuperstore.com/images/Productimages/AudTechATM33a.jpg
n03087816_4040 http://www.groovetubes.com/groovetubes/images/GT33.jpg
n03087816_4056 http://www.madmanaudio.com/images/Shure%20KSM27%20Studio%20Condenser%20Microphone.jpg
n03087816_4059 http://www.spectrumaudio.com/prodimages/bigim/C430.jpg.jpg
n03087816_4068 http://www.sterlingaudio.net/images/products/st66_b.jpg
n03087816_4074 http://www.zzounds.com/media/feed/large/MSHMXL2003.jpg
n03087816_4088 http://www.gigasonic.com/images/atat2020usb.jpg
n03087816_4090 http://shopping-news.buy.co.uk/files/2008/09/condenser-microphone-behringer.jpg
n03087816_4091 http://www.premiumtower.com/premiumtower/pics/pcm_6100_microphone/pcm_6100_microphone_g.jpg
n03087816_4095 http://img3.musiciansfriend.com/dbase/pics/products/1/1/4/547114.jpg
n03087816_4100 http://www.markertek.com/productImage/BIG/AKG-C3000K66KIT.JPG
n03087816_4112 http://www.soundonsound.com/sos/nov04/images/akgc4141.s.jpg
n03087816_4117 http://www.dv247.com/assets/products/29498_m.jpg
n03087816_4122 http://www.stedmancorp.com/pages/graphics/1100b_hires.jpg
n03087816_4131 http://www.proacousticsusa.com/Products/Back2006042765756.jpeg
n03087816_4133 http://podcastingnews.com/news/05_01/images/Kel_HM4.jpg
n03087816_4135 http://www.spectrumaudio.com/subcatimages/Condenser%20Microphones.jpg
n03087816_4140 http://www.savedbytechnology.com/2003/m-audio_nova_condenser_microphone.jpg
n03087816_4141 http://www.overdriveelectronics.com/store/images/products/58842.jpg
n03087816_4144 http://www.audio-technica.com/cms/resource_library/product_images/a703d38fb8839011/large/at2020_usb.jpg
n03087816_4154 http://www.shure.co.uk/stellent/groups/public/@gms_gmi_web_de_pro/documents/web_resource/site_img_de_pro_rpw114_l.jpg
n03087816_4156 http://www.bhphotovideo.com/images/items/378056.jpg
n03087816_4157 http://www.prorec.com/portals/1/rguensche/kelhm1/kelbody.jpg
n03087816_4186 http://www.pro-sound.com/Merchant2/graphics/00000001/e835sm.jpg
n03087816_4194 http://www.gear4music.com/media/1461/200/preview.jpg
n03087816_4197 http://www.soundsavers.com/catalog/images/D1122_S.jpg
n03087816_4212 http://www.sweetwaveaudio.com/sales/audix/vocal_condenser_microphones_files/scx-one.jpg
n03087816_4214 http://www.soundonsound.com/sos/mar05/images/rodent2a.s.jpg
n03087816_4215 http://www.soundonsound.com/sos/mar01/images/shureksm44.gif
n03087816_4220 http://shop.mobro.net/prodimg/22015500071.jpg
n03087816_4223 http://static.flickr.com/2169/1752927554_c456a1ad0c.jpg
n03087816_4229 http://static.flickr.com/2272/2475014026_157c3f745c.jpg
n03087816_4231 http://ecx.images-amazon.com/images/I/31iFqXnzxiL._SL160_.jpg
n03087816_4235 http://www.tomleemusic.ca/images/inventory/31832_f.jpg
n03087816_4236 http://www.shopha.com/img/product/guitar-trader-electric-and-acoustic-guitars/ev-cardinal-cardiod-condenser-microphone1.jpg
n03087816_4251 http://www.dv247.com/assets/products/29497_t.jpg
n03087816_4256 http://i6.ebayimg.com/03/i/001/0c/cb/88fd_35.JPG
n03087816_4257 http://www.gtp.com.au/conceptmusic2/mediumimages/4126.jpg
n03087816_4263 http://www.presonus.com/images/adl-ampmic.jpg
n03087816_4268 http://www.dv247.com/assets/products/28842_m.jpg
n03087816_4282 http://www.vintagemicrophone.com/images/rode/nt1-a_001
n03087816_4290 http://www.thebluefrontier.com/img/lg/ADKA51.jpg
n03087816_4305 http://img3.musiciansfriend.com/dbase/pics/products/6/5/4/549654.jpg
n03087816_4318 http://www.pro-music-news.com/html/02/30310sen.jpg
n03087816_4334 http://www.americanmusical.com/images/d/p15448d.jpg
n03087816_4351 http://www.bananasmusic.com/multimedia/3450/MediumImage/3450_md.gif
n03087816_4360 http://www.twitco.com/Shroud3.gif
n03087816_4363 http://www.bigtoestudio.net/images/Apex_460.jpg
n03087816_4365 http://img3.musiciansfriend.com/dbase/pics/products/regular/8/0/5/244805.jpg
n03087816_4367 http://www.ircaudio.com/assets/VX10(1).JPG
n03087816_4373 http://www.americanmusical.com/ProductImages/Large/p39017.jpg
n03087816_4374 http://www.appliedmic.com/myspace/350-1.jpg
n03087816_4383 http://www.hifi163.com/UploadFiles/Article/2008/8/200808171540486523.jpg
n03087816_4391 http://www.ifidj.com/productImages/C3000-B_largePicture.jpg
n03087816_4395 http://musicvillageusa.com/images/products/AT4040/AT4040_1_m.jpg
n03087816_4428 http://www.lashen.com/vendors/bogen/images/gcu250.jpg
n03087816_4430 http://www.bhphotovideo.com/images/items/186048.jpg
n03087816_4435 http://www.landersmusic.com/images_folders/Microphones/Samson/co3.jpg
n03087816_4450 http://www.bhphotovideo.com/images/ImproveAudio-07.jpg
n03087816_4461 http://168.75.125.68/assets/product_images/medium/senn_mkh8050.jpg
n03087816_4480 http://www.usbband.com/zeroboard/data/news/UFO.jpg
n03087816_4481 http://www.chinawe.net/upimg/allimg/080423/1024490_lit.jpg
n03087816_4493 http://www.groovetubes.com/groovetubes/images/ACF3043.jpg
n03087816_4495 http://www.americanmusical.com/images/d/p167d.jpg
n03087816_4497 http://www.sqproductions.be/images/369205.jpg
n03087816_4506 http://ecx.images-amazon.com/images/I/41OytAamrFL._SL500_AA280_.jpg
n03087816_4511 http://ecx.images-amazon.com/images/I/415H867TJWL.jpg
n03087816_4520 http://www.uncrate.com/men/images/2007/07/samson-c01u-recording-pak.jpg
n03087816_4522 http://store.solutions-inc.co.uk/image/MXL770-condenser-mic.jpg?
n03087816_4526 http://ecx.images-amazon.com/images/I/31-eyB-HukL._SL500_AA280_.jpg
n03087816_4529 http://www.dv247.com/assets/products/10238_m.jpg
n03087816_4530 http://www.proaudioreview.com/oldcontentimages/tn_t.9386_i.01_se.jpg
n03087816_4531 http://media.zzounds.com/media/feed/large/MSEMXLV67G.jpg
n03087816_4536 http://www.rattlesnaketracks.com/resources/MK-219.jpg
n03087816_4537 http://www.alpha-music.com/productcart/pc/catalog/786599551122.jpg
n03087816_4545 http://www.americanmusical.com/ProductImages/Large/p46103.jpg
n03087816_4548 http://media.zzounds.com/media/feed/large/RODS1.jpg
n03087816_4563 http://img3.musiciansfriend.com/dbase/pics/products/2/6/5/369265.jpg
n03087816_4564 http://www.kraftmusic.com/images/products/full/rad3F99B.jpg
n03087816_4568 http://www.coffeysound.com/images/P/neumann%20KMS105%20med.jpg
n03087816_4569 http://sontronics.com/Graphics/images/omega.gif
n03087816_4574 http://www.proaudioland.com/prod_img/prod_page/MXL2006.jpg
n03087816_4578 http://69.90.174.253/photos/display_pic_with_logo/170401/170401,1208102247,1.jpg
n03087816_4582 http://www.idjnow.com/ProductImagesLarge/CARDINAL.jpg
n03087816_4584 http://www.bluearan.co.uk/sales/jts/images/TX9.jpg
n03087816_4588 http://w1.txwm.com/News/Images/2007626144732695.JPG
n03087816_4589 http://www.everythingusb.com/hardware/resize.php?size=320&filename=eq_mag_usb_mic.jpg
n03087816_4591 http://site.mcminone.com/content/productimages/s3/35-1885.jpg
n03087816_4592 http://www.istockphoto.com/file_thumbview_approve/2275439/2/istockphoto_2275439_studio_condenser_microphone.jpg
n03087816_4593 http://www.bhphotovideo.com/images/items/282409.jpg
n03087816_4594 http://shop.mobro.net/prodimg/22015500709.jpg
n03087816_4599 http://www.thebettersource.com/cart_images/products/1024.jpg
n03087816_4600 http://www.m-audio.com/images/global/product_pics/big/solaris_v2008.jpg
n03087816_4601 http://www.americanmusical.com/images/d/p29264d.jpg
n03087816_4602 http://www.themicrophonevault.com/images/mics/audiotech/at4047_sv.jpg
n03087816_4604 http://www.fullcompass.com/common/products/sm/26388.jpg
n03087816_4608 http://www.guitarampkeyboard.com/rs/tn2/tn2_291499.jpg
n03087816_4611 http://www.etcetera.co.uk/products/images/ETC150.jpg
n03087816_4613 http://www.e-av.co.uk/products/MICATMB4K.gif
n03087816_4616 http://www.guitartrader.com/images/ProdImage01/250/MXL-770.jpg
n03087816_4617 http://www.storedj.com.au/products/images/products/822_normal.jpg
n03087816_4624 http://www.gbaudio.co.uk/images/c414buls.jpg
n03087816_4625 http://ecx.images-amazon.com/images/I/417aMPoGqfL._SL500_AA280_.jpg
n03087816_4626 http://www.gigasonic.com/images/sonyecm530.jpg
n03087816_4627 http://www.audio-technica.com/cms/resource_library/product_images/37d9bd4b4d234441/med/es943c.jpg
n03087816_4631 http://img3.musiciansfriend.com/dbase/pics/products/regular/1/0/5/541105.jpg
n03087816_4632 http://www.gadzooki.com/wp-content/uploads/2006/07/C01usb-large.jpg
n03087816_4638 http://www.cascademicrophones.com/images/8_Tube.jpg
n03087816_4640 http://www.zzounds.com/media/feed/large/SEEGEMINI.jpg
n03087816_4642 http://168.75.125.68/assets/product_images/medium/atec_at4047sv.jpg
n03087816_4643 http://www.axemusic.com/Pictures/ev_co11_mic.jpg
n03087816_4645 http://www.usa.canon.com/app/html/HDV/XLH1A/images/CanonD124_Microphone.jpg
n03087816_4647 http://www.wavecatcherstudios.com/images/gear/mxl990.jpg
n03087816_4650 http://www.maplin.co.uk/images/full/l92aa.jpg
n03087816_4654 http://www.kempke.com/Kempke/site/ProAudio/Christmas2006/RE.jpg
n03087816_4658 http://www.samsontech.com/products/relatedDocs/C03U.jpg
n03087816_4660 http://www.lakewoodconferences.com/direct/dbimage/50245004/Microphone_Cartridge.jpg
n03087816_4668 http://www.onecall.com/ImageCache/sony_ecmmsd1_300x250_s.jpg
n03087816_4671 http://www.polaraudio.co.uk/images_3/mpc23_all.gif
n03087816_4673 http://img3.musiciansfriend.com/dbase/pics/products/2/5/1/369251.jpg
n03087816_4674 http://lh3.ggpht.com/_Fl9m5B_TJ1M/R6Img6NhMOI/AAAAAAAAAPA/l2CY9KIy_ww/microphone+and+pop+filter.JPG
n03087816_4679 http://www.dv247.com/assets/products/2890_m.jpg
n03087816_4683 http://images.guitarcenter.com/products/full/CAD/633478353372233169.jpg
n03087816_4684 http://www.musiciansbuy.com/mmMBCOM/Images/telex_fmr500hc_dw.jpg
n03087816_4686 http://www.kevinkemp.com/homerecordingtutorial/images/KM84.JPG
n03087816_4690 http://www.portlandmusiccompany.com/mics_pics/AT4041.jpg
n03087816_4697 http://www.sfb.net/acatalog/538Bsfb.jpg
n03087816_4703 http://www.playrecord.net/images/QL5CL-S.jpg
n03087816_4704 http://biggerbids.com/members/images/7521/thumb/345503_PICT0110.jpg
n03087816_4705 http://static.flickr.com/2303/2044746224_317d270568.jpg
n03087816_4714 http://www.dv247.com/assets/products/28723_t.jpg
n03087816_4715 http://www.ict4lt.org/images/microphone.jpg
n03087816_4716 http://di1.shopping.com/images/pi/96/c2/fe/41933359-177x150-0-0.jpg
n03087816_4734 http://www.soundonsound.com/sos/jul06/images/pearlelmc_l.jpg
n03087816_4735 http://static.flickr.com/2370/1797610843_8874fc456e.jpg
n03087816_4738 http://www.idjnow.com/ProductImagesLarge/STUDIOC1.jpg
n03087816_4739 http://ecx.images-amazon.com/images/I/31%2BcxOsZ2VL._SL500_AA280_.jpg
n03087816_4743 http://www.proaudio.com/images/CAD-M9.jpg
n03087816_4744 http://www.shipdog.com/stock/perception420s.jpg
n03087816_4749 http://www.groovetubes.com/groovetubes/images/GT44.jpg
n03087816_4751 http://www.nevaton-microphones.com/images/nev_mc416a.jpg
n03087816_4752 http://www.fruity-loops.com/images/store/small/MP_GXL2400.gif
n03087816_4753 http://ecx.images-amazon.com/images/I/41B25G46C1L._SL500_AA280_.jpg
n03087816_4757 http://static.flickr.com/22/28716641_d40811151e.jpg
n03087816_4761 http://www.4beatz.com/images/product%20pics/smallwide/tnl_CO1%20Microphone.jpg
n03087816_4762 http://imgsrc.baidu.com/baike/pic/item/0db2c9ca78a02055f21fe7db.jpg
n03087816_4764 http://www.coffeysound.com/images/P/audio%20technica%20at3031%20med-01.jpg
n03087816_4765 http://www.kentmusictechnology.co.uk/images/c01-hi-res.jpg
n03087816_4767 http://www.americanmusical.com/ProductImages/Large/p35385.jpg
n03087816_4768 http://www.microphonereviews.com/images/content/product/audio-technica-at2020/large/AT2020_3.jpg
n03087816_4770 http://www.germes-online.com/direct/dbimage/50263554/VHF_Wireless_Microphone.jpg
n03087816_4773 http://static.flickr.com/1242/1301970420_0a99a52cd4.jpg
n03087816_4777 http://www.hmcdisplay.com/images/SPC25_LCondensed.jpg
n03087816_4784 http://www.hardwarezone.com.ph/img/data/nnews/2007/6409/File/microphone_l.jpg
n03087816_4790 http://www.proaudio.com/images/Astatic_CTM77.jpg
n03087816_4791 http://www.americanmusical.com/images/d/p26142d.jpg
n03087816_4792 http://images.guitarcenter.com/products/full/AKG/633407533119671807.jpg
n03087816_4798 http://peepculture.com/wp-content/uploads/2006/05/classic_microphone.jpg
n03087816_4799 http://img3.musiciansfriend.com/dbase/pics/products/regular/3/2/4/245324.jpg
n03087816_4801 http://www.zzounds.com/media/feed/large/AUTATM31A.jpg
n03087816_4805 http://www.bluedogaudio.com/images/P/akg-c-4000-b.jpg
n03087816_4806 http://img3.musiciansfriend.com/dbase/pics/products/regular/1/1/6/547116.jpg
n03087816_4809 http://www.musicmarketing.ca/images/sontronics/st2cond_main.jpg
n03087816_4818 http://www.hmcdisplay.com/images/CM88_LCondensed.jpg
n03087816_4819 http://bp3.blogger.com/_sIv6mvv2fXc/Rgd7-2grsXI/AAAAAAAAAI0/onRnhdTHdHE/s320/012-stand.jpg
n03087816_4823 http://www.pcmusicsupply.com/images/microphones/MASC/MASC_large.jpg
n03087816_4824 http://www.dv247.com/assets/products/28843_t.jpg
n03087816_4826 http://www.proaudiosolutions.com/v/vspfiles/photos/ADK-TT-2T.jpg
n03087816_4831 http://lnlrecording.com/images/Microphones/e100_main.GIF
n03087816_4833 http://www.redferret.net/wp-content/uploads/2008/06/gtrackusbcondensormicrophone_small.jpg
n03087816_4838 http://www.gbaudio.co.uk/images/mxl2001.jpg
n03087816_4839 http://www.musiciansbuy.com/mmMBCOM/Images/APEX_APEX180_dw.jpg
n03087816_4841 http://ecx.images-amazon.com/images/I/31CuulvDGsL._SL500_AA280_.jpg
n03087816_5230 http://farm4.static.flickr.com/3028/2448961811_2f85cef410.jpg
n03087816_5662 http://farm3.static.flickr.com/2098/2258241877_41dc5ed89f.jpg
n03087816_5683 http://farm3.static.flickr.com/2012/2258241979_55e4522551.jpg
n03087816_5690 http://farm3.static.flickr.com/2151/2259038292_7b6ee6b788.jpg
n03087816_5764 http://farm3.static.flickr.com/2384/2449785580_67d80662aa.jpg

